code,n_rows_total,n_turbines_seen,first_seen,last_seen,years_seen,y2016,y2017,y2018,y2019,y2020,y2021,y2022,y2023,y2024,y2025,y2026,median_duration_s,share_rows_with_TimeOff,is_documented,description,stopping
2,4664,21,2016-01-04 10:50:27,2026-04-28 08:35:43,2016-2026,648,521,745,289,343,359,632,313,442,309,63,,0.0,0,,
3,236,21,2016-02-16 14:55:32,2024-11-07 16:27:49,2016;2017;2018;2019;2021;2022;2024,68,6,46,26,0,3,40,0,47,0,0,,0.0,0,,
7,4663,21,2016-01-04 10:50:28,2026-04-28 08:35:43,2016-2026,648,521,745,289,343,358,632,313,442,309,63,,0.0,0,,
8,4592,21,2016-01-04 10:51:06,2026-04-28 08:36:26,2016-2026,645,512,734,288,325,353,629,301,440,302,63,,0.0,0,,
9,2567,21,2016-01-04 10:17:58,2026-04-23 09:07:20,2016-2026,348,355,383,132,189,205,303,192,237,189,34,,0.0,0,,
12,3,3,2018-02-02 14:56:51,2021-08-05 07:33:49,2018;2021,0,0,2,0,0,1,0,0,0,0,0,,0.0,0,,
13,2343,21,2016-01-01 07:05:20,2026-04-22 11:08:35,2016-2026,348,472,318,165,131,201,138,173,186,170,41,,0.0,0,,
14,2069,21,2016-01-01 07:08:14,2026-04-22 11:12:23,2016-2026,329,429,264,143,108,184,117,153,166,141,35,,0.0,0,,
15,8733,21,2016-01-04 11:02:05,2026-04-22 11:12:23,2016;2017;2018;2022;2023;2024;2025;2026,12,2,18,0,0,0,1499,2159,1989,2366,688,,0.0,0,,
16,8733,21,2016-01-04 11:02:06,2026-04-22 11:12:23,2016;2017;2018;2022;2023;2024;2025;2026,12,2,18,0,0,0,1499,2159,1989,2366,688,,0.0,0,,
17,4,3,2018-08-04 07:03:55,2024-09-30 14:18:32,2018;2023;2024,0,0,1,0,0,0,0,1,2,0,0,,0.0,0,,
18,4656,21,2016-01-04 10:50:37,2026-04-28 08:35:54,2016-2026,648,521,745,288,342,357,632,313,441,306,63,,0.0,0,,
19,102,21,2016-02-16 14:55:25,2025-03-31 07:30:55,2016;2017;2018;2019;2021;2022;2024;2025,30,3,24,1,0,1,20,0,22,1,0,,0.0,0,,
20,2505325,21,2016-01-01 06:30:57,2026-04-30 23:54:11,2016-2026,427896,199096,314821,297890,304476,331825,134517,144006,134892,170303,45603,,0.0,1,Large generator Cut-in,0
25,2505314,21,2016-01-01 06:30:19,2026-04-30 23:59:59,2016-2026,427895,199096,314821,297893,304472,331821,134514,144002,134891,170304,45605,,0.0,1,Fast cut-out of generator,0
27,22865,21,2016-01-01 07:06:06,2026-04-30 12:25:17,2016-2026,2561,2392,2381,1876,2108,2293,3028,2128,1799,1716,583,,0.0,0,,
28,478,21,2016-03-01 11:07:01,2025-08-26 13:20:03,2016-2025,71,37,27,46,32,23,25,67,54,96,0,,0.0,0,,
29,6691,21,2016-01-10 16:46:26,2026-04-30 20:19:30,2016-2026,646,403,749,703,837,634,618,805,583,621,92,,0.0,0,,
30,1845,21,2016-01-29 03:20:51,2025-10-03 23:58:10,2016;2017;2018;2019;2021;2022;2023;2024;2025,638,222,424,166,0,51,61,58,51,174,0,,0.0,0,,
40,450,21,2016-03-01 12:43:21,2026-04-28 12:41:03,2016-2026,26,36,51,41,41,25,46,56,51,74,3,,0.0,0,,
48,5061,21,2016-01-01 06:00:07,2026-04-29 06:00:09,2016-2026,529,427,459,483,421,644,500,516,547,455,80,,0.0,0,,
54,40,17,2016-01-20 14:53:31,2026-04-18 22:20:01,2016-2026,5,1,8,3,4,3,4,6,4,1,1,,0.0,0,,
55,451524,21,2016-01-26 14:31:38,2026-04-20 08:03:37,2016-2026,100398,264123,82085,306,497,720,1113,791,668,656,167,,0.0,0,,
56,150,18,2016-01-03 22:14:11,2026-04-17 05:10:26,2016-2026,29,14,31,7,12,11,11,7,13,9,6,,0.0,0,,
57,535,21,2016-02-16 15:13:05,2025-04-09 18:37:17,2016;2017;2018;2019;2020;2022;2023;2024;2025,135,18,146,6,4,0,121,1,100,4,0,,0.0,0,,
58,48,17,2016-01-20 14:57:20,2026-04-18 22:20:35,2016-2026,5,1,9,3,4,3,5,10,6,1,1,,0.0,0,,
59,5919,21,2016-01-07 18:29:24,2026-04-29 19:37:06,2016-2026,764,623,418,381,745,655,1023,758,352,170,30,,0.0,0,,
60,4979,21,2016-01-07 18:29:24,2026-04-29 19:37:06,2016-2026,282,149,391,390,751,660,1033,762,359,171,31,,0.0,0,,
61,5707,21,2016-01-07 18:29:23,2026-04-29 19:32:04,2016-2026,920,886,276,292,609,403,590,816,194,705,16,,0.0,0,,
62,4485,21,2016-02-11 03:54:51,2026-04-06 13:26:20,2016-2026,312,51,455,462,179,1552,113,56,241,6,1058,,0.0,0,,
65,1051,21,2016-01-07 18:29:23,2026-04-29 19:32:04,2016-2026,153,83,27,80,53,196,71,163,53,156,16,,0.0,0,,
66,1150,21,2016-01-07 20:01:24,2026-04-04 19:16:48,2016-2026,54,58,73,141,118,257,119,82,88,24,136,,0.0,0,,
67,12332,21,2016-01-07 18:29:23,2026-04-29 19:32:04,2016-2026,1378,1078,831,975,959,2408,893,1117,576,891,1226,,0.0,0,,
68,12332,21,2016-01-07 18:29:23,2026-04-29 19:32:04,2016-2026,1378,1078,831,975,959,2408,893,1117,576,891,1226,,0.0,0,,
69,12332,21,2016-01-07 18:29:23,2026-04-29 19:32:04,2016-2026,1378,1078,831,975,959,2408,893,1117,576,891,1226,,0.0,0,,
73,34,16,2016-06-30 04:51:48,2016-06-30 11:46:59,2016,34,0,0,0,0,0,0,0,0,0,0,,0.0,0,,
82,293,21,2017-02-01 10:50:33,2026-03-26 12:48:37,2017;2018;2019;2020;2021;2022;2023;2024;2026,0,6,2,1,111,22,59,37,35,0,20,,0.0,0,,
83,230,21,2017-02-01 10:52:52,2026-03-26 12:50:35,2017;2020;2021;2022;2023;2024;2026,0,3,0,0,94,21,40,19,33,0,20,,0.0,0,,
86,180,21,2016-03-01 12:29:15,2026-04-30 08:25:21,2016-2026,13,14,16,17,17,17,21,23,19,18,5,,0.0,0,,
87,570,21,2016-01-29 07:28:49,2026-03-25 17:13:38,2016-2026,54,74,79,97,47,77,91,31,2,12,6,,0.0,0,,
88,116,21,2016-04-22 10:34:45,2026-03-02 09:18:45,2016-2026,1,6,22,7,13,23,21,2,3,15,3,,0.0,0,,
89,266,21,2016-03-10 13:17:43,2025-08-19 13:29:13,2016;2017;2018;2019;2020;2021;2022;2023;2025,37,25,20,41,26,25,73,18,0,1,0,,0.0,0,,
91,472,21,2016-04-14 07:52:12,2023-02-27 15:48:37,2016;2017;2018;2019;2020;2021;2023,325,1,12,12,88,18,0,16,0,0,0,,0.0,0,,
92,3559,21,2016-02-01 05:39:04,2026-04-29 19:32:12,2016-2026,289,287,304,324,468,442,665,376,195,196,13,,0.0,0,,
93,3,2,2017-07-03 11:53:30,2025-09-30 10:08:13,2017;2025,0,2,0,0,0,0,0,0,0,1,0,,0.0,0,,
102,265,18,2018-03-06 16:49:09,2024-01-12 17:08:49,2018;2021;2023;2024,0,0,8,0,0,3,0,50,204,0,0,,0.0,1,Ice detection             :,0
105,2163,21,2019-08-07 12:52:18,2026-04-11 01:29:35,2019-2026,0,0,0,33,288,239,317,391,340,482,73,,0.0,0,,
110,537,21,2016-03-04 10:29:59,2026-02-10 13:37:18,2016;2017;2018;2019;2020;2021;2022;2023;2024;2026,127,70,88,87,43,47,33,31,7,0,4,,0.0,0,,
111,45395,21,2016-01-01 07:01:48,2026-04-29 20:17:20,2016-2026,4538,4391,4542,4551,4389,4216,4235,4467,4394,4277,1395,,0.0,0,,
112,290,21,2016-01-29 11:25:47,2026-03-25 17:13:38,2016-2026,36,58,47,31,17,29,42,12,3,10,5,,0.0,0,,
113,275,21,2016-01-29 07:28:49,2026-02-18 11:57:29,2016-2026,43,31,42,52,18,29,43,7,1,8,1,,0.0,0,,
114,270,21,2016-01-29 11:25:47,2026-03-08 12:03:01,2016-2026,40,25,50,27,19,48,37,13,1,8,2,,0.0,0,,
115,69445,21,2016-01-01 06:57:48,2026-04-30 20:28:44,2016-2026,7527,6963,7841,6872,6210,6531,6438,6688,6439,6134,1802,,0.0,0,,
117,189,21,2017-08-02 14:05:19,2026-04-13 07:46:34,2017-2026,0,2,21,21,21,21,21,21,22,21,18,,0.0,0,,
121,96,21,2016-02-16 14:55:59,2024-11-07 16:04:38,2016;2017;2018;2019;2022;2024,28,3,22,1,0,0,20,0,22,0,0,,0.0,0,,
123,183,20,2016-04-18 12:05:02,2025-09-30 09:03:17,2016-2025,16,3,12,4,10,29,70,11,16,12,0,,0.0,0,,
127,62818,21,2016-01-01 02:19:48,2026-04-30 12:10:48,2016-2026,5835,6555,5853,6300,6156,5526,6385,5771,6570,5359,2508,,0.0,0,,
129,20,3,2016-07-19 13:36:28,2024-11-07 16:25:43,2016;2018;2021;2024,12,0,2,0,0,3,0,0,3,0,0,,0.0,0,,
134,7,3,2020-07-07 17:52:18,2025-08-30 10:00:27,2020;2022;2025,0,0,0,0,2,0,4,0,0,1,0,,0.0,0,,
138,39,6,2017-02-22 09:08:23,2025-12-06 16:06:11,2017;2019;2021;2022;2023;2025,0,13,0,1,0,2,1,19,0,3,0,,0.0,0,,
139,64,16,2016-09-18 08:49:26,2025-08-29 09:44:24,2016-2025,2,15,2,6,5,9,3,4,6,12,0,,0.0,0,,
140,53,20,2020-10-24 08:10:48,2026-04-07 20:46:57,2020;2022;2023;2024;2025;2026,0,0,0,0,1,0,37,2,1,6,6,,0.0,0,,
141,90,2,2016-09-12 06:35:21,2024-09-19 04:39:11,2016;2021;2022;2023;2024,1,0,0,0,0,1,18,48,22,0,0,,0.0,0,,
142,403,19,2016-09-12 08:36:28,2026-03-08 09:45:23,2016-2026,11,97,20,12,13,36,27,125,19,40,3,,0.0,0,,
145,42,16,2016-08-16 16:00:34,2025-10-03 23:32:31,2016;2018;2021;2022;2023;2024;2025,2,0,1,0,0,1,2,5,4,27,0,,0.0,0,,
153,1133,3,2023-03-08 16:34:40,2023-03-24 16:39:57,2023,0,0,0,0,0,0,0,1133,0,0,0,,0.0,0,,
159,5875,21,2017-08-02 12:08:59,2026-04-29 18:43:50,2017-2026,0,61,1138,1490,1384,1345,357,28,25,33,14,,0.0,0,,
160,384,21,2017-08-02 12:08:46,2026-04-29 18:43:38,2017-2026,0,2,46,42,48,46,42,44,44,46,24,,0.0,0,,
168,11775,21,2017-08-02 12:11:24,2026-04-29 20:14:59,2017-2026,0,59,1121,1495,1465,1400,1405,1476,1464,1426,464,,0.0,0,,
169,2,1,2022-04-04 06:55:46,2022-05-09 10:15:19,2022,0,0,0,0,0,0,2,0,0,0,0,,0.0,0,,
170,2,2,2018-08-05 06:19:53,2020-05-26 08:35:59,2018;2020,0,0,1,0,1,0,0,0,0,0,0,,0.0,0,,
172,2579,21,2017-08-02 12:09:24,2026-04-29 20:15:33,2017-2026,0,6,69,68,95,85,421,554,553,542,186,,0.0,0,,
173,2563,21,2017-08-02 12:09:24,2026-04-29 18:44:47,2017-2026,0,6,69,68,95,85,407,554,545,541,193,,0.0,0,,
174,2539,21,2017-08-02 12:09:24,2026-04-29 18:46:29,2017-2026,0,6,69,67,96,85,399,555,532,546,184,,0.0,0,,
175,372,21,2018-06-20 17:48:52,2026-03-26 12:18:00,2018-2026,0,0,23,24,40,37,115,34,27,66,6,,0.0,0,,
179,366,21,2018-04-09 12:20:31,2026-02-16 13:33:02,2018-2026,0,0,4,78,50,25,43,2,133,27,4,,0.0,0,,
190,61,5,2024-03-09 00:23:47,2026-04-10 07:05:55,2024-2026,0,0,0,0,0,0,0,0,26,21,14,,0.0,0,,
191,11056,21,2024-09-04 12:01:59,2026-04-30 20:28:45,2024-2026,0,0,0,0,0,0,0,0,1720,7412,1924,,0.0,0,,
192,17,17,2024-10-01 14:05:42,2024-10-22 08:53:13,2024,0,0,0,0,0,0,0,0,17,0,0,,0.0,0,,
788,1,1,2021-08-04 09:39:05,2021-08-04 09:39:05,2021,0,0,0,0,0,1,0,0,0,0,0,,0.0,0,,
911,2,1,2024-09-30 13:57:56,2024-09-30 14:18:32,2024,0,0,0,0,0,0,0,0,2,0,0,865.5,1.0,0,,
916,97,21,2016-02-16 14:55:35,2024-11-07 16:04:12,2016;2017;2018;2019;2021;2022;2024,28,3,22,1,0,1,20,0,22,0,0,968.0,1.0,0,,
923,2,2,2018-08-04 07:03:55,2023-04-20 16:34:37,2018;2023,0,0,1,0,0,0,0,1,0,0,0,143336.5,1.0,0,,
1001,6100,21,2016-01-03 13:40:30,2026-04-30 08:27:15,2016-2026,676,616,602,510,580,759,667,571,464,481,174,3931.0,0.9989,0,,
1003,2455,21,2016-01-11 10:43:10,2026-04-30 10:15:49,2016-2026,243,292,293,295,262,260,364,135,173,117,21,264.5,0.9996,0,,
1004,5,4,2018-08-07 13:50:20,2025-09-27 02:04:38,2018;2021;2025,0,0,1,0,0,3,0,0,0,1,0,417.0,0.8,0,,
1005,17172,21,2016-01-04 10:51:05,2026-04-30 08:30:04,2016-2026,1495,1131,1401,1160,1592,1857,4335,1584,1382,1082,153,116.0,0.9998,1,Availability - low wind,1
1007,1249,21,2016-02-09 08:27:37,2025-11-27 22:21:38,2016-2025,105,393,224,127,30,64,186,32,31,57,0,9693.0,1.0,0,,
1008,1239,21,2016-01-28 09:09:14,2025-11-06 10:07:55,2016-2025,40,76,104,214,149,129,293,170,63,1,0,3817.5,0.9992,0,,
1010,81,18,2016-06-19 07:34:25,2025-04-01 09:47:39,2016;2019;2022;2023;2024;2025,53,0,0,1,0,0,1,3,14,9,0,18.0,1.0,0,,
1011,88,18,2016-10-04 14:55:35,2024-11-07 17:59:28,2016;2017;2023;2024,66,4,0,0,0,0,0,1,17,0,0,15.0,1.0,0,,
1012,249,21,2016-03-01 10:32:48,2026-04-28 09:31:19,2016-2026,65,20,16,20,20,19,20,22,19,25,3,25.0,1.0,0,,
1014,212,21,2016-02-16 14:55:59,2024-11-07 16:04:38,2016;2017;2018;2019;2021;2022;2024,48,6,43,23,0,1,41,0,50,0,0,1372.5,1.0,0,,
1015,461,21,2016-01-11 15:12:28,2026-04-15 11:57:39,2016-2026,55,35,39,15,55,43,95,47,25,35,17,7368.0,0.9892,0,,
1017,84,21,2016-08-15 06:25:49,2024-09-18 04:45:37,2016;2017;2018;2019;2020;2022;2023;2024,63,1,4,1,3,0,4,4,4,0,0,33568.0,0.9881,0,,
1018,3398,21,2016-02-09 08:31:51,2026-04-23 13:05:42,2016-2026,366,550,390,186,157,277,423,270,541,202,36,3089.0,0.9994,0,,
1020,4825,21,2016-01-03 13:39:31,2026-04-30 07:27:27,2016-2026,494,404,437,437,501,502,675,475,382,370,148,5966.0,0.999,0,,
1021,19,10,2020-07-08 13:13:31,2025-09-08 14:58:54,2020;2022;2023;2024;2025,0,0,0,0,2,0,3,3,2,9,0,7093.0,1.0,0,,
1022,2397,21,2016-01-28 09:17:14,2026-04-30 07:27:37,2016-2026,262,197,125,236,281,226,255,201,192,283,139,8474.0,0.9992,0,,
1023,1625,21,2016-01-03 13:40:14,2026-03-24 08:56:21,2016-2026,183,49,118,129,179,216,376,198,129,40,8,5249.5,0.9969,0,,
1024,873,21,2016-06-07 09:16:16,2026-04-22 11:50:09,2016-2026,21,158,220,83,53,84,67,72,64,50,1,3514.0,1.0,0,,
1025,430,21,2016-05-05 08:21:05,2026-03-26 12:40:11,2016-2026,24,72,66,23,33,24,64,69,11,42,2,3547.5,0.9953,0,,
1026,1,1,2026-04-13 11:50:32,2026-04-13 11:50:32,2026,0,0,0,0,0,0,0,0,0,0,1,2897.0,1.0,0,,
1034,284,21,2018-04-11 12:03:02,2026-04-28 12:07:15,2018;2019;2020;2023;2024;2025;2026,0,0,22,18,36,0,0,14,56,113,25,2122.0,1.0,0,,
1104,6,3,2018-11-12 15:26:28,2024-01-16 09:51:18,2018;2023;2024,0,0,1,0,0,0,0,4,1,0,0,104.0,1.0,0,,
1105,5,2,2018-11-12 14:43:06,2023-02-20 16:02:05,2018;2023,0,0,1,0,0,0,0,4,0,0,0,76.0,1.0,0,,
1109,2,2,2018-11-12 15:26:46,2024-01-16 09:53:46,2018;2024,0,0,1,0,0,0,0,0,1,0,0,40.0,1.0,0,,
1110,1,1,2021-11-24 08:50:00,2021-11-24 08:50:00,2021,0,0,0,0,0,1,0,0,0,0,0,34303.0,1.0,0,,
1112,111,20,2017-02-01 15:24:24,2025-09-27 02:04:39,2017;2018;2020;2021;2022;2023;2025,0,4,5,0,1,10,69,18,0,4,0,155.0,1.0,0,,
1124,4,2,2017-06-18 22:49:06,2024-04-18 04:19:40,2017;2024,0,2,0,0,0,0,0,0,2,0,0,14225.0,1.0,0,,
1140,95,20,2016-03-01 12:30:47,2026-04-30 08:27:05,2016-2026,15,19,4,9,9,2,3,9,10,13,2,34.0,1.0,0,,
1142,6,3,2017-02-18 09:59:59,2020-10-31 14:04:54,2017;2018;2020,0,1,4,0,1,0,0,0,0,0,0,0.0,1.0,0,,
1143,1,1,2018-01-02 12:04:24,2018-01-02 12:04:24,2018,0,0,1,0,0,0,0,0,0,0,0,26827.0,1.0,0,,
1144,1,1,2016-04-25 21:23:36,2016-04-25 21:23:36,2016,1,0,0,0,0,0,0,0,0,0,0,1801.0,1.0,0,,
1156,2,2,2017-04-05 15:00:18,2017-04-05 15:08:14,2017,0,2,0,0,0,0,0,0,0,0,0,29695.0,1.0,0,,
1161,1,1,2020-04-13 17:50:57,2020-04-13 17:50:57,2020,0,0,0,0,1,0,0,0,0,0,0,3600.0,1.0,0,,
1162,112,18,2020-01-07 13:06:45,2024-08-12 09:10:31,2020;2022;2023;2024,0,0,0,0,4,0,6,56,46,0,0,13454.5,1.0,0,,
2006,101,4,2016-11-15 11:12:56,2018-09-08 15:41:41,2016-2018,11,14,76,0,0,0,0,0,0,0,0,307.0,1.0,0,,
2100,2,2,2016-02-01 21:13:41,2016-03-27 05:51:12,2016,2,0,0,0,0,0,0,0,0,0,0,16936.0,1.0,0,,
2107,5,1,2017-02-23 12:41:17,2017-02-23 12:52:04,2017,0,5,0,0,0,0,0,0,0,0,0,11.0,1.0,0,,
2108,2,1,2017-02-23 12:41:17,2017-02-23 12:51:40,2017,0,2,0,0,0,0,0,0,0,0,0,487.5,1.0,0,,
2109,6,3,2017-02-22 17:20:17,2024-07-09 15:40:17,2017;2024,0,4,0,0,0,0,0,0,2,0,0,383.5,1.0,0,,
2110,4,1,2017-02-22 17:20:18,2017-02-23 12:50:13,2017,0,4,0,0,0,0,0,0,0,0,0,391.0,1.0,0,,
2111,4,1,2017-02-22 17:20:18,2017-02-23 12:50:13,2017,0,4,0,0,0,0,0,0,0,0,0,390.5,1.0,0,,
2117,2,2,2019-04-09 14:04:41,2023-08-04 12:18:09,2019;2023,0,0,0,1,0,0,0,1,0,0,0,5432.5,1.0,0,,
2122,10,4,2019-07-05 15:50:35,2023-07-12 08:04:46,2019;2021;2023,0,0,0,5,0,4,0,1,0,0,0,317291.0,1.0,0,,
2123,14,4,2021-04-23 07:10:09,2024-06-21 06:12:33,2021;2023;2024,0,0,0,0,0,5,0,7,2,0,0,453.5,1.0,0,,
2124,284,21,2016-03-01 12:43:21,2026-04-28 12:41:03,2016-2026,19,19,29,30,26,20,21,35,26,56,3,22.0,1.0,0,,
2131,1,1,2023-08-04 12:18:28,2023-08-04 12:18:28,2023,0,0,0,0,0,0,0,1,0,0,0,2.0,1.0,0,,
2132,6,3,2017-02-23 12:52:17,2023-08-04 12:22:08,2017;2019;2023,0,1,0,3,0,0,0,2,0,0,0,3.0,1.0,0,,
2133,5,2,2017-02-22 17:20:17,2023-08-04 12:18:22,2017;2023,0,4,0,0,0,0,0,1,0,0,0,130.0,1.0,0,,
2134,13,3,2017-02-22 17:20:17,2023-08-04 12:20:42,2017;2019;2023,0,4,0,7,0,0,0,2,0,0,0,120.0,1.0,0,,
2200,107,12,2020-03-02 15:00:02,2025-10-01 12:04:43,2020;2021;2022;2024;2025,0,0,0,0,13,14,67,0,8,5,0,490.0,0.9533,0,,
2260,8,6,2017-04-11 18:06:19,2025-08-04 11:49:55,2017;2018;2020;2022;2023;2025,0,2,1,0,1,0,1,1,0,2,0,1800.0,1.0,0,,
2700,363,6,2016-07-22 11:53:33,2026-03-02 09:45:57,2016-2026,1,1,61,33,49,93,66,16,22,16,5,78.0,1.0,0,,
2701,17,17,2024-10-01 14:02:41,2024-10-22 08:50:12,2024,0,0,0,0,0,0,0,0,17,0,0,181.0,1.0,0,,
3102,12,1,2022-07-10 15:03:08,2022-08-29 08:43:48,2022,0,0,0,0,0,0,12,0,0,0,0,902.0,1.0,0,,
3103,138,20,2016-10-04 15:03:31,2026-04-20 13:26:08,2016-2026,39,14,20,6,12,24,8,8,2,4,1,42.0,1.0,0,,
3104,127,20,2016-10-04 14:56:38,2026-04-20 13:26:08,2016-2026,42,14,20,6,12,11,8,7,2,4,1,39.0,1.0,0,,
3105,132,20,2016-10-04 14:56:38,2026-04-20 13:26:08,2016-2026,41,15,20,6,12,15,8,7,2,5,1,38.0,1.0,0,,
3107,36,2,2016-08-01 19:33:25,2022-09-28 10:50:45,2016;2018;2022,12,0,18,0,0,0,6,0,0,0,0,258.5,1.0,0,,
3108,9,1,2022-03-01 18:42:22,2022-03-04 09:51:20,2022,0,0,0,0,0,0,9,0,0,0,0,103.0,1.0,0,,
3109,13,5,2017-07-13 09:14:54,2022-09-28 10:30:59,2017;2019;2020;2021;2022,0,2,0,3,1,5,2,0,0,0,0,204.0,1.0,0,,
3110,36,6,2016-08-02 04:31:34,2022-09-28 10:30:32,2016-2022,9,4,8,5,1,4,5,0,0,0,0,931.0,1.0,0,,
3111,19,7,2017-07-13 08:12:02,2022-09-28 10:33:04,2017;2018;2020;2021;2022,0,1,4,0,5,4,5,0,0,0,0,874.0,1.0,0,,
3115,50,16,2017-05-01 13:00:05,2025-09-29 13:00:07,2017;2019;2020;2021;2022;2023;2024;2025,0,2,0,4,6,13,7,1,10,7,0,685482.5,0.96,0,,
3116,44,16,2017-04-24 13:00:08,2026-02-02 13:00:08,2017;2019;2020;2021;2022;2023;2024;2025;2026,0,2,0,3,5,10,5,1,9,8,1,681134.0,0.9545,0,,
3117,43,16,2017-04-24 13:00:08,2025-09-29 13:00:07,2017;2019;2020;2021;2022;2024;2025,0,2,0,4,6,10,4,0,10,7,0,683342.0,0.9535,0,,
3118,577,21,2016-04-18 11:45:01,2026-02-13 13:52:29,2016-2026,17,65,36,35,78,143,109,10,47,34,3,1415.0,0.9896,0,,
3120,10,1,2018-01-21 11:21:01,2018-01-21 11:25:01,2018,0,0,10,0,0,0,0,0,0,0,0,8.5,1.0,0,,
3122,10,8,2018-01-21 11:22:04,2025-10-12 10:17:24,2018;2020;2022;2023;2025,0,0,3,0,3,0,2,1,0,1,0,827.0,1.0,0,,
3123,56,13,2016-04-13 13:23:55,2022-09-29 16:40:18,2016;2017;2018;2019;2021;2022,7,14,18,6,0,9,2,0,0,0,0,919.0,1.0,0,,
3124,80,14,2016-02-01 23:43:48,2022-09-29 16:40:18,2016-2022,12,25,14,21,1,5,2,0,0,0,0,598.0,1.0,0,,
3125,73,13,2016-04-18 11:32:37,2023-03-20 09:56:44,2016-2023,9,12,20,7,1,19,2,3,0,0,0,537.0,1.0,0,,
3126,365,21,2016-01-29 11:25:47,2026-03-25 17:13:38,2016-2026,49,74,46,32,25,48,61,12,3,10,5,326.0,1.0,0,,
3127,350,21,2016-01-29 07:28:49,2026-02-18 11:57:29,2016-2026,53,17,33,82,37,44,66,7,1,9,1,345.0,1.0,0,,
3128,303,21,2016-01-29 11:25:47,2026-03-08 12:03:01,2016-2026,50,22,35,29,21,64,58,13,1,8,2,339.0,1.0,0,,
3130,15079,21,2016-01-01 06:57:48,2026-04-29 20:14:15,2016-2026,1494,1457,1485,1495,1473,1401,1412,1482,1467,1445,468,197.0,0.9999,1,Pitch lubrication,1
3133,1,1,2021-09-06 14:10:02,2021-09-06 14:10:02,2021,0,0,0,0,0,1,0,0,0,0,0,776.0,1.0,0,,
3140,144,20,2016-04-18 11:36:40,2025-10-08 12:58:35,2016-2025,5,8,40,24,19,25,10,7,3,3,0,288.0,1.0,0,,
3144,21,7,2017-07-13 09:07:45,2021-09-08 11:41:21,2017-2021,0,3,9,3,1,5,0,0,0,0,0,881.0,1.0,0,,
3145,13,5,2017-07-13 09:08:06,2021-09-06 14:28:20,2017;2018;2019;2021,0,2,3,4,0,4,0,0,0,0,0,47.0,1.0,0,,
3146,19,6,2018-04-20 10:26:17,2021-09-06 14:28:19,2018-2021,0,0,4,1,1,13,0,0,0,0,0,139.0,1.0,0,,
3147,26,2,2017-11-16 05:10:15,2025-12-09 23:51:38,2017;2018;2022;2025,0,2,19,0,0,0,1,0,0,4,0,195.0,1.0,0,,
3148,2,1,2018-06-19 09:10:08,2020-12-09 01:24:52,2018;2020,0,0,1,0,1,0,0,0,0,0,0,17403.5,1.0,0,,
3149,15,2,2016-03-27 00:33:39,2020-09-09 07:21:58,2016;2017;2018;2020,2,1,6,0,6,0,0,0,0,0,0,12143.0,1.0,0,,
3159,4,2,2017-08-29 13:08:34,2018-06-10 10:41:57,2017-2018,0,2,2,0,0,0,0,0,0,0,0,646.0,1.0,0,,
3160,11,3,2017-08-29 13:08:34,2021-09-06 14:39:51,2017;2018;2021,0,2,2,0,0,7,0,0,0,0,0,141.0,1.0,0,,
3161,18,4,2017-08-29 13:08:34,2023-03-20 12:44:40,2017;2018;2021;2023,0,2,2,0,0,12,0,2,0,0,0,78.5,1.0,0,,
3171,2129,21,2016-02-01 14:32:04,2026-04-29 11:23:00,2016-2026,109,85,287,229,239,251,231,195,267,193,43,422.5,0.9995,0,,
3172,2278,21,2016-02-01 14:30:24,2026-04-29 11:23:00,2016-2026,108,130,316,251,245,236,249,210,269,216,48,331.0,1.0,0,,
3173,2258,21,2016-02-01 14:32:04,2026-04-29 11:23:00,2016-2026,121,145,309,229,251,275,232,179,270,198,49,311.0,0.9996,0,,
3174,5,4,2018-02-23 02:40:17,2021-08-24 06:33:04,2018;2019;2021,0,0,3,1,0,1,0,0,0,0,0,538.0,1.0,0,,
3185,202,17,2016-04-22 09:43:53,2026-02-10 13:29:35,2016;2017;2018;2019;2020;2021;2022;2024;2025;2026,3,40,49,24,32,23,17,0,8,1,5,51.0,1.0,0,,
3186,92,11,2016-07-01 07:01:14,2023-05-30 15:30:03,2016-2023,3,20,16,8,14,19,11,1,0,0,0,139.5,1.0,0,,
3187,96,10,2016-03-10 14:09:56,2022-07-10 20:24:51,2016;2017;2018;2020;2021;2022,4,20,16,0,1,42,13,0,0,0,0,97.5,1.0,0,,
3193,5,3,2018-06-09 21:05:50,2023-11-06 06:01:00,2018;2022;2023,0,0,1,0,0,0,2,2,0,0,0,6136.0,1.0,0,,
3194,9,3,2018-06-25 01:07:06,2024-09-18 06:07:59,2018;2022;2023;2024,0,0,1,0,0,0,4,2,2,0,0,29476.0,1.0,0,,
3195,7,6,2018-06-13 02:54:40,2024-09-18 04:35:27,2018;2020;2022;2023;2024,0,0,2,0,1,0,2,1,1,0,0,33192.0,1.0,0,,
3200,15,4,2021-03-30 11:14:20,2022-08-22 12:47:41,2021-2022,0,0,0,0,0,5,10,0,0,0,0,3624.5,0.9333,0,,
3203,1435,21,2016-03-01 11:29:55,2026-04-30 10:55:50,2016-2026,93,110,179,177,214,159,184,130,91,79,19,2260.5,0.9993,0,,
3204,1437,21,2016-03-01 11:29:55,2026-04-30 10:55:12,2016-2026,95,112,177,173,217,159,184,130,89,82,19,2249.0,0.9993,0,,
3205,1432,21,2016-03-04 09:47:45,2026-04-30 10:59:42,2016-2026,95,114,177,177,213,159,179,132,89,80,17,2229.0,0.9993,0,,
3206,131,21,2016-03-10 13:17:53,2024-01-10 09:36:51,2016;2017;2018;2019;2020;2021;2022;2024,46,17,4,7,17,6,33,0,1,0,0,403.0,1.0,0,,
3207,160,20,2016-03-29 09:35:14,2023-05-29 07:58:20,2016-2023,42,9,7,23,14,20,42,3,0,0,0,532.5,1.0,0,,
3208,133,21,2016-04-13 09:29:57,2023-07-21 13:17:58,2016-2023,40,9,8,16,19,6,34,1,0,0,0,430.0,1.0,0,,
3215,82,18,2016-03-29 09:35:14,2022-11-14 11:05:23,2016-2022,42,2,2,1,3,4,28,0,0,0,0,126.0,1.0,0,,
3216,3,1,2020-11-22 12:07:41,2020-12-22 17:07:57,2020,0,0,0,0,3,0,0,0,0,0,0,4547.0,1.0,0,,
3217,3,1,2020-11-27 12:07:46,2020-12-27 17:07:54,2020,0,0,0,0,3,0,0,0,0,0,0,74991.0,1.0,0,,
3218,32,3,2018-03-18 22:12:13,2024-01-28 21:54:45,2018-2024,0,0,9,12,2,1,4,2,2,0,0,2844.0,1.0,0,,
3219,5,3,2017-02-18 09:59:59,2023-07-03 13:58:59,2017;2021;2023,0,1,0,0,0,1,0,3,0,0,0,44047.0,1.0,0,,
3220,313,12,2017-02-18 09:59:59,2025-10-03 20:54:18,2017;2018;2019;2020;2021;2023;2024;2025,0,6,43,163,33,64,0,2,1,1,0,3583.0,1.0,0,,
3221,3,3,2018-04-13 13:43:19,2025-08-06 12:09:00,2018;2022;2025,0,0,1,0,0,0,1,0,0,1,0,2602.0,1.0,0,,
3222,1,1,2018-05-13 10:06:32,2018-05-13 10:06:32,2018,0,0,1,0,0,0,0,0,0,0,0,10790.0,1.0,0,,
3223,3,2,2021-04-20 07:55:34,2023-04-29 15:58:07,2021;2023,0,0,0,0,0,2,0,1,0,0,0,476.0,1.0,0,,
3224,91,21,2018-04-12 14:54:15,2025-07-24 11:28:58,2018-2025,0,0,19,17,28,3,12,7,3,2,0,16.0,1.0,0,,
3225,16,8,2018-04-25 11:33:06,2023-04-24 12:13:34,2018;2019;2020;2021;2023,0,0,2,2,8,2,0,2,0,0,0,42.5,1.0,0,,
3232,16,7,2018-04-29 15:45:36,2022-09-21 08:04:14,2018;2019;2020;2022,0,0,8,1,1,0,6,0,0,0,0,90.0,1.0,0,,
3235,32,5,2024-03-09 00:23:47,2026-03-30 20:25:35,2024-2026,0,0,0,0,0,0,0,0,10,14,8,911440.0,0.9688,0,,
3236,6,1,2024-04-19 18:43:35,2025-02-19 18:43:52,2024-2025,0,0,0,0,0,0,0,0,4,2,0,1559.0,1.0,0,,
3404,88,11,2016-06-30 13:25:01,2026-02-18 12:46:36,2016;2017;2018;2019;2020;2021;2022;2026,2,14,9,7,10,37,8,0,0,0,1,152.0,0.9886,0,,
3405,198,21,2016-03-10 13:21:04,2024-10-07 12:02:18,2016-2024,23,18,43,18,13,26,46,2,9,0,0,490.0,1.0,0,,
3406,213,21,2016-03-10 13:21:04,2024-10-07 11:00:39,2016-2024,32,12,35,34,25,23,47,2,3,0,0,414.0,1.0,0,,
3407,222,21,2016-03-10 13:21:04,2024-10-07 12:02:49,2016;2017;2018;2019;2020;2021;2022;2024,28,26,31,26,15,40,47,0,9,0,0,481.0,1.0,0,,
3411,109,21,2016-01-07 18:35:50,2026-04-18 08:56:19,2016-2026,49,3,3,3,8,9,11,4,6,11,2,20536.0,0.9817,0,,
3412,86,20,2016-01-05 22:00:43,2026-04-06 07:11:22,2016-2026,19,4,2,4,11,8,14,8,4,8,4,16282.0,0.9884,0,,
3413,97,20,2016-01-05 22:05:40,2026-02-17 06:08:24,2016-2026,28,2,3,5,12,6,17,2,9,8,5,14466.5,0.9897,0,,
3421,142,15,2016-07-22 14:21:59,2026-03-19 10:10:26,2016-2026,19,9,29,8,13,11,34,4,2,8,5,131.0,1.0,0,,
3422,57,13,2016-07-22 14:25:56,2026-02-17 19:52:43,2016;2017;2018;2019;2020;2021;2022;2026,12,4,17,3,3,4,13,0,0,0,1,24692.0,0.9825,0,,
3428,9,5,2023-03-15 03:32:43,2026-01-13 16:14:25,2023;2026,0,0,0,0,0,0,0,6,0,0,3,47.0,1.0,0,,
3429,13,4,2021-09-10 10:33:21,2023-06-01 13:24:11,2021-2023,0,0,0,0,0,1,11,1,0,0,0,600.0,1.0,0,,
3600,29,21,2024-03-14 09:01:28,2025-01-30 14:12:52,2024-2025,0,0,0,0,0,0,0,0,8,21,0,8.0,1.0,0,,
4101,2,2,2019-07-03 09:20:58,2019-07-05 08:43:42,2019,0,0,0,2,0,0,0,0,0,0,0,360.0,1.0,0,,
4103,32,18,2016-09-09 08:11:45,2025-05-13 14:03:34,2016;2018;2019;2023;2024;2025,9,0,7,3,0,0,0,4,7,2,0,1.5,1.0,0,,
4104,26,18,2016-09-09 08:11:45,2025-05-13 14:02:19,2016;2018;2019;2023;2024;2025,9,0,7,2,0,0,0,3,4,1,0,1531.0,1.0,0,,
4105,19,18,2016-09-09 08:06:00,2020-05-27 14:10:33,2016;2018;2019;2020,9,0,7,2,1,0,0,0,0,0,0,2.0,0.9474,0,,
4106,19,18,2016-09-09 08:05:59,2020-05-27 14:10:32,2016;2018;2019;2020,9,0,7,2,1,0,0,0,0,0,0,3675.5,0.9474,0,,
4107,21,18,2016-09-09 08:12:11,2025-05-13 14:03:36,2016;2018;2019;2024;2025,9,0,7,2,0,0,0,0,2,1,0,2.0,1.0,0,,
4108,20,18,2016-09-09 08:12:11,2025-05-13 14:03:36,2016;2018;2019;2024;2025,9,0,7,2,0,0,0,0,1,1,0,2133.5,1.0,0,,
4109,19,18,2016-09-07 10:20:08,2019-03-25 13:46:25,2016;2018;2019,10,0,7,2,0,0,0,0,0,0,0,1.0,1.0,0,,
4110,18,18,2016-09-09 08:07:53,2019-03-25 13:46:25,2016;2018;2019,9,0,7,2,0,0,0,0,0,0,0,3636.0,1.0,0,,
4111,428,21,2016-04-27 08:16:06,2026-02-26 12:16:23,2016-2026,15,113,40,25,44,44,30,66,5,43,3,493.5,1.0,0,,
4112,83,7,2016-02-16 17:14:47,2025-12-18 14:07:03,2016;2017;2018;2020;2021;2022;2023;2024;2025,5,15,2,0,36,5,1,7,1,11,0,981.5,0.988,0,,
4113,3,1,2024-04-18 16:54:10,2024-04-29 09:05:59,2024,0,0,0,0,0,0,0,0,3,0,0,4590.0,1.0,0,,
4121,89,18,2016-09-07 10:19:48,2025-05-13 14:03:31,2016;2018;2019;2020;2023;2024;2025,16,0,20,10,1,0,0,15,25,2,0,683.0,0.9888,0,,
4122,56,18,2016-09-07 10:19:58,2024-04-16 11:18:01,2016;2018;2019;2020;2023;2024,17,0,23,10,1,0,0,4,1,0,0,4634.0,0.9821,0,,
4123,6,2,2023-02-20 15:59:32,2024-04-16 14:45:27,2023-2024,0,0,0,0,0,0,0,4,2,0,0,61.5,1.0,0,,
4124,57,18,2016-09-07 10:20:28,2025-05-13 14:03:32,2016;2018;2019;2020;2023;2024;2025,19,0,20,10,1,0,0,4,2,1,0,4384.5,0.9825,0,,
4125,60,18,2016-09-07 10:20:09,2024-04-16 11:19:22,2016;2018;2019;2020;2023;2024,18,0,25,10,1,0,0,5,1,0,0,4330.0,0.9833,0,,
4141,1,1,2021-02-10 13:39:42,2021-02-10 13:39:42,2021,0,0,0,0,0,1,0,0,0,0,0,4077.0,1.0,0,,
4200,498,21,2016-06-28 11:23:13,2025-10-27 14:05:27,2016-2025,66,47,53,31,187,16,43,24,6,25,0,1215.0,0.998,0,,
4300,308,21,2016-03-01 11:53:00,2026-04-28 11:51:00,2016;2017;2018;2019;2020;2021;2022;2024;2025;2026,42,23,66,25,76,15,19,0,16,22,4,1209.0,0.9968,0,,
4306,28,17,2016-03-01 14:23:32,2025-08-23 10:30:32,2016;2017;2020;2024;2025,15,2,0,0,4,0,0,0,1,6,0,2915.0,0.9643,0,,
4307,27,17,2016-03-01 14:23:32,2025-08-23 10:30:32,2016;2017;2020;2024;2025,15,2,0,0,4,0,0,0,1,5,0,2913.5,0.963,0,,
5103,99,21,2016-06-30 04:51:48,2025-03-31 07:30:54,2016;2018;2019;2020;2021;2022;2023;2024;2025,25,0,1,3,13,1,13,21,1,21,0,7272.0,1.0,0,,
5104,3110,21,2016-02-09 08:31:51,2026-04-23 13:05:41,2016-2026,345,534,372,174,138,259,371,208,519,157,33,3310.0,0.9994,0,,
5110,3403,21,2016-02-09 08:31:52,2026-04-23 13:05:42,2016-2026,362,546,392,188,154,291,419,271,543,201,36,2913.0,0.9994,0,,
5111,3404,21,2016-02-09 08:31:52,2026-04-23 13:05:42,2016-2026,362,547,390,183,152,300,421,269,545,199,36,2813.5,0.9994,0,,
5112,3156,21,2016-02-09 08:32:00,2026-04-23 13:05:50,2016-2026,330,530,341,165,140,267,395,262,519,175,32,2830.0,0.9997,0,,
5113,2526,21,2016-02-09 08:35:09,2026-04-23 12:28:00,2016-2026,275,488,264,112,91,203,325,180,445,120,23,3665.0,0.9996,0,,
5122,10952,21,2016-01-12 15:51:08,2026-04-23 13:05:40,2016-2026,1161,1278,880,615,786,1329,1523,1278,1166,655,281,0.0,0.9999,0,,
5131,40,21,2017-12-08 06:51:33,2022-03-03 02:55:21,2017;2021;2022,0,20,0,0,0,15,5,0,0,0,0,1332.5,1.0,0,,
5200,507,21,2016-06-30 04:51:48,2026-02-27 14:10:07,2016-2026,26,7,67,27,21,53,122,53,105,25,1,5465.0,1.0,0,,
5201,2139,21,2016-08-19 12:45:36,2026-04-23 13:05:42,2016-2026,2,40,248,175,138,251,372,207,515,158,33,2761.0,0.9991,0,,
5600,11,6,2018-04-14 08:29:18,2022-09-15 11:33:32,2018;2019;2021;2022,0,0,2,7,0,1,1,0,0,0,0,131.0,1.0,0,,
6100,33,8,2016-09-09 10:49:26,2025-09-30 12:42:40,2016;2017;2018;2019;2020;2022;2023;2025,4,2,4,2,2,0,3,15,0,1,0,834.0,0.9697,0,,
6101,46,16,2016-02-01 21:13:41,2025-12-20 09:48:41,2016;2017;2018;2020;2021;2022;2023;2024;2025,1,1,5,0,1,2,1,10,9,16,0,1643.0,1.0,0,,
6102,57,19,2016-02-01 23:19:22,2025-09-24 05:36:15,2016-2025,12,1,13,4,3,6,2,8,6,2,0,3190.5,0.9825,0,,
6160,9,6,2019-01-07 17:57:44,2024-04-18 12:37:19,2019;2020;2021;2023;2024,0,0,0,3,1,2,0,2,1,0,0,3804.0,1.0,0,,
6300,2,2,2016-02-16 15:04:02,2016-07-19 12:43:13,2016,2,0,0,0,0,0,0,0,0,0,0,754.0,1.0,0,,
7100,566,21,2016-03-03 15:11:18,2026-04-29 08:42:43,2016-2026,35,95,69,63,95,45,49,32,15,63,5,955.0,1.0,0,,
7101,114,21,2016-01-10 18:43:33,2026-04-14 13:27:33,2016;2018;2019;2020;2021;2022;2023;2024;2025;2026,8,0,1,42,6,10,2,2,14,28,1,1117.5,1.0,0,,
7102,36,8,2016-03-27 03:50:28,2025-12-13 20:40:05,2016;2017;2018;2019;2020;2022;2023;2024;2025,2,5,3,1,8,0,2,5,1,9,0,11002.0,1.0,0,,
7103,63,10,2018-08-07 13:50:29,2025-12-21 15:56:14,2018;2021;2022;2023;2025,0,0,1,0,0,3,29,15,0,15,0,47.0,0.9683,0,,
7104,17,4,2022-09-07 12:15:12,2025-12-21 16:05:59,2022;2023;2025,0,0,0,0,0,0,4,5,0,8,0,83.0,1.0,0,,
7105,4,2,2022-08-04 11:20:31,2025-05-01 14:11:32,2022;2025,0,0,0,0,0,0,2,0,0,2,0,2297.5,1.0,0,,
7106,373,21,2016-03-03 16:39:30,2023-05-05 11:03:45,2016-2023,31,21,77,81,70,78,14,1,0,0,0,857.0,1.0,0,,
7107,15,7,2018-06-04 10:58:36,2023-02-20 16:01:55,2018-2023,0,0,3,3,1,3,1,4,0,0,0,34.0,1.0,0,,
7110,4,1,2017-02-22 17:20:15,2017-02-23 12:50:19,2017,0,4,0,0,0,0,0,0,0,0,0,384.0,1.0,0,,
7111,13129,21,2016-02-16 16:48:12,2026-04-30 12:06:34,2016-2026,1841,1553,1099,1385,1472,1006,1980,983,776,835,199,39.0,1.0,0,,
7156,183,20,2022-05-11 12:35:27,2026-04-24 12:42:38,2022-2026,0,0,0,0,0,0,70,43,33,33,4,180.0,1.0,0,,
7157,5,4,2022-06-14 11:53:10,2024-07-24 13:19:12,2022-2024,0,0,0,0,0,0,2,2,1,0,0,8457.0,1.0,0,,
8000,1871,21,2016-01-29 03:20:51,2025-10-03 23:58:10,2016;2017;2018;2019;2021;2022;2023;2024;2025,646,224,430,174,0,51,61,58,51,176,0,919.0,1.0,1,Windspeed too high to operate,1
8108,659,21,2016-01-07 18:29:20,2026-03-03 11:35:56,2016-2026,77,76,20,70,39,132,53,37,29,123,3,315.0,1.0,0,,
8110,635,19,2016-01-19 11:37:49,2026-04-29 19:31:59,2016-2026,118,21,9,26,30,87,41,171,42,77,13,301.0,0.9984,0,,
8112,8,3,2016-08-15 16:02:23,2024-11-07 16:25:42,2016;2018;2021;2024,5,0,1,0,0,1,0,0,1,0,0,146.0,1.0,0,,
8114,58,15,2016-02-16 17:01:13,2026-03-03 11:35:56,2016;2017;2019;2020;2021;2022;2023;2024;2025;2026,7,2,0,4,1,8,11,8,9,6,2,505.5,1.0,0,,
8116,27,6,2016-08-15 16:02:27,2024-11-07 16:25:46,2016;2018;2019;2020;2021;2022;2023;2024,5,0,1,4,2,1,7,4,3,0,0,667.0,1.0,0,,
8140,2,2,2016-02-11 03:54:52,2025-04-14 09:26:27,2016;2025,1,0,0,0,0,0,0,0,0,1,0,550.0,1.0,0,,
8160,1,1,2017-08-01 15:20:20,2017-08-01 15:20:20,2017,0,1,0,0,0,0,0,0,0,0,0,521.0,1.0,0,,
8170,12,9,2016-07-01 10:39:05,2025-08-08 11:56:48,2016;2017;2018;2020;2021;2023;2025,3,1,2,0,1,2,0,2,0,1,0,85.0,1.0,0,,
8171,32,12,2016-06-30 11:58:40,2025-08-08 10:41:22,2016-2025,3,2,2,2,2,5,9,2,1,4,0,3585.5,1.0,0,,
8172,12,9,2016-07-01 10:38:59,2025-08-08 11:56:48,2016;2017;2018;2020;2021;2023;2025,3,1,2,0,1,2,0,2,0,1,0,103.5,1.0,0,,
8173,25,12,2016-06-30 11:58:48,2025-08-08 10:41:22,2016-2025,3,2,2,2,2,5,2,2,1,4,0,17594.0,1.0,0,,
8184,67,20,2016-02-01 00:29:09,2025-08-15 09:33:06,2016;2017;2018;2020;2021;2022;2023;2024;2025,11,4,6,0,5,9,19,7,3,3,0,84010.0,0.9851,0,,
8185,57,20,2016-02-01 08:52:28,2025-08-15 09:33:06,2016;2017;2018;2020;2021;2022;2023;2024;2025,4,1,6,0,5,9,19,7,3,3,0,98444.0,0.9825,0,,
8186,169,21,2016-05-02 14:33:36,2025-10-24 16:05:39,2016-2025,23,13,9,6,20,25,29,26,4,14,0,46667.5,0.9941,0,,
8187,157,21,2016-05-05 15:16:40,2025-10-24 16:05:39,2016-2025,13,6,9,6,20,26,29,30,4,14,0,47982.5,0.9936,0,,
8188,4,3,2016-06-24 16:11:29,2018-07-28 13:36:39,2016;2018,2,0,2,0,0,0,0,0,0,0,0,374002.0,1.0,0,,
8189,4,3,2019-08-12 03:05:00,2024-10-17 06:23:12,2019;2020;2022;2024,0,0,0,1,1,0,1,0,1,0,0,153059.5,1.0,0,,
8228,569,9,2022-06-23 11:57:11,2026-04-30 22:44:29,2022-2026,0,0,0,0,0,0,35,9,31,105,389,136.0,1.0,0,,
8230,871,21,2016-01-27 18:48:36,2026-04-05 00:07:14,2016-2026,51,120,39,144,34,91,66,82,82,44,118,7540.0,1.0,1,Ice detection: Low torque,1
8232,41,2,2017-08-04 06:09:00,2025-08-14 20:45:55,2017;2019;2025,0,35,0,1,0,0,0,0,0,5,0,1860.0,1.0,0,,
8260,160,20,2020-10-31 14:10:08,2025-10-04 01:09:48,2020-2025,0,0,0,0,1,33,26,10,24,66,0,689.5,1.0,0,,
8455,2,2,2020-01-18 04:04:23,2024-01-12 23:19:21,2020;2024,0,0,0,0,1,0,0,0,1,0,0,116400.0,1.0,0,,
8770,106,21,2025-07-07 09:09:47,2026-04-26 14:01:44,2025-2026,0,0,0,0,0,0,0,0,0,52,54,3.0,1.0,0,,
9101,114,21,2016-09-07 10:46:25,2025-09-27 02:04:37,2016;2017;2018;2019;2020;2022;2024;2025,36,4,31,14,10,0,7,0,7,5,0,2937.0,0.9912,0,,
9105,14,5,2017-02-23 12:52:37,2026-01-21 17:25:44,2017;2018;2019;2024;2025;2026,0,1,3,2,0,0,0,0,5,2,1,1893.5,1.0,0,,
9107,17,4,2017-02-22 17:20:17,2024-07-09 12:58:53,2017;2018;2019;2024,0,4,8,2,0,0,0,0,3,0,0,229.0,1.0,0,,
9111,227,21,2016-09-07 10:46:25,2025-09-27 02:04:37,2016;2017;2018;2019;2020;2021;2022;2024;2025,56,4,31,15,60,21,28,0,7,5,0,369.0,0.9912,0,,
9113,136,20,2017-09-14 15:24:32,2026-02-16 13:47:28,2017-2026,0,2,17,12,22,2,28,18,4,30,1,108.0,1.0,0,,
9300,14,5,2017-02-22 17:20:21,2026-03-25 09:38:02,2017;2019;2022;2025;2026,0,5,0,1,0,0,1,0,0,2,5,331.5,1.0,0,,
9303,1139,21,2016-01-11 10:26:40,2026-04-14 12:18:20,2016-2026,208,87,123,133,105,124,89,90,120,51,9,67.0,1.0,0,,
9304,477,21,2016-02-16 15:17:11,2026-04-29 09:10:46,2016-2026,81,42,56,50,57,43,47,51,17,29,4,111.0,1.0,0,,
9305,148,21,2016-03-10 15:31:09,2025-07-24 11:44:14,2016-2025,21,21,21,18,20,11,18,13,3,2,0,312.5,1.0,0,,
9306,831,21,2016-01-11 10:26:55,2026-04-29 09:07:50,2016-2026,201,38,52,94,65,98,73,82,72,40,16,88.0,1.0,0,,
9309,20,2,2019-03-28 14:05:17,2020-06-23 09:09:04,2019-2020,0,0,0,9,11,0,0,0,0,0,0,4.5,1.0,0,,
10100,18,8,2016-03-25 09:21:57,2025-09-27 02:04:37,2016;2017;2018;2019;2021;2022;2025,1,5,1,1,0,2,3,0,0,5,0,581.5,1.0,0,,
10101,14,3,2016-06-19 06:59:36,2023-12-03 17:57:12,2016;2019;2023,5,0,0,4,0,0,0,5,0,0,0,495.0,1.0,0,,
10103,6,1,2020-05-08 10:05:59,2020-05-26 07:12:45,2020,0,0,0,0,6,0,0,0,0,0,0,1138.5,1.0,0,,
10104,58,4,2018-08-07 13:50:22,2025-09-27 02:04:40,2018;2022;2023;2025,0,0,1,0,0,0,35,9,0,13,0,90.5,1.0,0,,
10105,6690,21,2016-01-10 16:46:26,2026-04-30 20:19:30,2016-2026,645,403,749,703,837,634,618,805,583,621,92,555.0,1.0,1,"Stopped, untwisting cables",1
10106,5,2,2017-06-02 02:14:10,2020-07-16 21:55:41,2017;2020,0,1,0,0,4,0,0,0,0,0,0,648667.0,1.0,0,,
10109,9,2,2023-12-23 08:17:23,2024-01-12 09:16:42,2023-2024,0,0,0,0,0,0,0,5,4,0,0,646.0,1.0,0,,
10115,1,1,2016-06-26 08:36:52,2016-06-26 08:36:52,2016,1,0,0,0,0,0,0,0,0,0,0,44.0,1.0,0,,
10118,1247,21,2016-01-29 08:31:16,2026-04-20 08:03:45,2016-2026,50,71,106,52,96,146,257,111,118,212,28,600.0,1.0,0,,
10125,18,8,2016-03-27 02:51:12,2016-07-12 12:27:30,2016,18,0,0,0,0,0,0,0,0,0,0,80.5,1.0,0,,
10127,54,14,2016-09-17 08:42:31,2025-09-27 02:04:37,2016;2017;2018;2020;2021;2022;2023;2025,1,13,8,0,11,3,1,4,0,13,0,240.0,1.0,0,,
10128,198,20,2016-02-01 16:08:11,2026-04-16 15:03:36,2016-2026,30,25,24,6,13,20,20,12,18,26,4,3422.5,1.0,0,,
10200,44,4,2020-03-04 01:00:03,2024-04-28 10:21:06,2020;2021;2022;2024,0,0,0,0,6,9,23,0,6,0,0,518.0,0.9318,0,,
10400,226,21,2016-09-12 06:35:21,2025-12-06 16:06:11,2016-2025,4,26,2,7,6,12,55,70,29,15,0,300.0,1.0,0,,
10401,9,4,2017-02-22 10:56:55,2023-10-30 03:20:45,2017;2022;2023,0,2,0,0,0,0,4,3,0,0,0,1786.0,1.0,0,,
10408,12,10,2025-02-19 11:58:44,2026-04-07 20:46:57,2025-2026,0,0,0,0,0,0,0,0,0,6,6,89.0,1.0,0,,
12109,107,20,2017-02-01 15:21:02,2025-09-27 02:04:39,2017;2018;2021;2022;2023;2025,0,1,5,0,0,9,69,18,0,5,0,204.0,1.0,0,,
12110,3,3,2020-07-14 15:06:03,2025-08-30 10:00:25,2020;2023;2025,0,0,0,0,1,0,0,1,0,1,0,437.0,1.0,0,,
12111,4,3,2020-07-14 15:06:05,2025-08-30 10:00:27,2020;2023;2025,0,0,0,0,2,0,0,1,0,1,0,246.0,1.0,0,,
12112,188,21,2020-07-13 11:28:08,2026-03-26 12:57:53,2020-2026,0,0,0,0,26,15,27,18,37,45,20,23.0,1.0,0,,
12114,2,1,2025-08-30 10:00:25,2025-08-30 11:02:08,2025,0,0,0,0,0,0,0,0,0,2,0,370.5,1.0,0,,
12115,105,21,2020-07-13 11:33:08,2026-03-26 12:58:35,2020;2021;2022;2024;2025;2026,0,0,0,0,22,17,19,0,22,3,22,15.0,1.0,0,,
12120,211,21,2020-07-13 11:22:18,2026-03-26 12:59:19,2020-2026,0,0,0,0,44,25,24,18,34,47,19,28.0,1.0,0,,
13000,7,7,2016-11-13 11:37:38,2021-06-03 07:43:03,2016;2019;2021,5,0,0,1,0,1,0,0,0,0,0,338.0,1.0,0,,
13104,104,15,2016-02-09 08:32:10,2025-08-17 12:45:48,2016-2025,18,23,17,2,7,1,11,13,6,6,0,99.5,1.0,0,,
13106,9,3,2016-04-01 13:33:14,2021-04-21 11:50:58,2016;2017;2019;2021,3,2,0,1,0,3,0,0,0,0,0,76.0,1.0,0,,
13110,115,20,2016-12-14 10:07:06,2026-02-27 01:09:54,2016;2018;2019;2020;2021;2022;2023;2024;2025;2026,1,0,6,8,27,25,12,7,19,8,2,41304.0,0.9913,0,,
13112,11,5,2021-07-13 08:05:53,2024-07-27 00:44:51,2021-2024,0,0,0,0,0,6,3,1,1,0,0,45.0,1.0,0,,
13113,11,5,2021-07-13 08:05:46,2024-07-27 00:50:07,2021-2024,0,0,0,0,0,6,3,1,1,0,0,43.0,1.0,0,,
13114,11,5,2021-07-13 08:05:53,2024-07-27 00:44:15,2021-2024,0,0,0,0,0,6,3,1,1,0,0,41.0,1.0,0,,
13121,145,21,2016-02-17 23:50:06,2024-10-24 12:51:12,2016;2017;2018;2019;2020;2021;2022;2024,80,20,18,4,12,8,2,0,1,0,0,30.0,1.0,0,,
13122,174,21,2016-02-17 23:30:08,2024-10-24 12:51:12,2016;2017;2018;2019;2020;2021;2022;2024,109,12,20,4,11,8,9,0,1,0,0,27.0,0.9943,0,,
13135,9,5,2016-12-14 10:07:06,2025-09-27 02:04:37,2016;2018;2021;2025,1,0,1,0,0,6,0,0,0,1,0,143.5,0.8889,0,,
13136,36,12,2017-04-09 13:27:37,2026-01-15 11:52:38,2017;2018;2019;2020;2022;2023;2024;2026,0,3,6,15,7,0,1,1,2,0,1,1447.5,1.0,0,,
13140,679,21,2016-01-29 06:56:31,2018-03-22 03:20:47,2016-2018,361,241,77,0,0,0,0,0,0,0,0,0.0,1.0,0,,
13150,26,17,2016-01-29 05:49:57,2023-07-02 09:40:32,2016;2023,25,0,0,0,0,0,0,1,0,0,0,0.0,1.0,0,,
13166,4,1,2020-07-05 01:24:58,2020-07-05 09:17:16,2020,0,0,0,0,4,0,0,0,0,0,0,5030.0,1.0,0,,
13167,104,21,2016-02-17 23:31:14,2024-10-24 12:51:12,2016;2017;2018;2022;2024,61,17,17,0,0,0,8,0,1,0,0,296.0,0.9904,0,,
13170,11,5,2021-07-13 03:10:50,2024-07-22 12:54:02,2021-2024,0,0,0,0,0,6,2,1,2,0,0,1185.0,1.0,0,,
13172,22,13,2020-05-25 05:31:15,2025-12-02 22:15:09,2020-2025,0,0,0,0,4,9,3,1,3,2,0,33207.5,1.0,0,,
13200,12,5,2021-07-13 03:00:00,2024-07-22 12:27:42,2021-2024,0,0,0,0,0,6,3,1,2,0,0,645.5,1.0,0,,
13202,1,1,2021-07-13 08:04:48,2021-07-13 08:04:48,2021,0,0,0,0,0,1,0,0,0,0,0,4817.0,1.0,0,,
13207,41,18,2016-12-14 10:07:06,2026-04-13 09:54:29,2016-2026,1,2,2,2,4,13,4,5,4,2,2,477.0,0.9756,0,,
13216,133,21,2016-02-17 23:30:19,2024-10-24 12:51:12,2016-2024,47,30,19,9,9,9,7,1,2,0,0,536.0,0.9925,0,,
13217,13,6,2016-12-14 10:07:07,2025-09-27 02:04:42,2016;2017;2018;2021;2024;2025,1,1,1,0,0,8,0,0,1,1,0,115.0,0.9231,0,,
13219,12,5,2021-07-03 00:22:15,2024-07-22 12:12:52,2021-2024,0,0,0,0,0,6,3,1,2,0,0,697.0,1.0,0,,
13224,10,10,2018-12-14 19:44:25,2024-08-12 09:31:44,2018;2020;2021;2023;2024,0,0,2,0,2,3,0,1,2,0,0,664592.0,0.9,0,,
13225,28,9,2018-12-15 23:37:16,2024-08-13 11:32:01,2018;2020;2021;2022;2023;2024,0,0,1,0,4,9,2,3,9,0,0,27580.0,0.9643,0,,
13294,207,21,2016-11-17 20:07:12,2026-03-25 10:17:13,2016-2026,2,30,18,11,23,17,45,14,12,32,3,75276.0,1.0,0,,
13301,3,1,2025-08-30 10:00:31,2025-08-30 11:02:14,2025,0,0,0,0,0,0,0,0,0,3,0,297.0,1.0,0,,
13302,12,3,2020-07-07 17:57:44,2025-08-30 11:03:03,2020;2022;2025,0,0,0,0,8,0,1,0,0,3,0,119.5,1.0,0,,
13303,16,3,2020-07-07 18:03:16,2025-08-30 11:03:03,2020;2022;2025,0,0,0,0,11,0,2,0,0,3,0,52.5,1.0,0,,
13309,285,21,2016-04-01 07:40:50,2026-04-22 22:50:37,2016-2026,2,2,11,1,11,10,59,40,42,89,18,295.0,0.993,0,,
13311,245,21,2016-04-01 07:40:57,2026-03-25 09:37:58,2016-2026,2,1,13,1,11,9,55,59,29,52,13,103.0,0.9959,0,,
13314,207,21,2016-12-19 12:50:14,2026-04-23 14:02:27,2016;2018;2019;2020;2021;2022;2023;2024;2025;2026,1,0,3,1,5,12,76,6,45,42,16,391.0,0.9952,0,,
13315,7,4,2022-09-03 07:05:36,2025-12-17 16:18:43,2022;2024;2025,0,0,0,0,0,0,1,0,1,5,0,1353.0,1.0,0,,
13317,497,21,2016-09-14 10:25:16,2021-10-25 13:20:12,2016-2021,17,44,160,124,47,105,0,0,0,0,0,152.5,0.998,0,,
13319,107,20,2018-01-19 17:35:34,2025-09-27 02:04:37,2018;2021;2022;2023;2025,0,0,5,0,0,11,68,18,0,5,0,196.0,0.9907,0,,
13320,113,20,2018-01-19 17:35:34,2025-09-27 02:04:37,2018;2021;2022;2023;2025,0,0,5,0,0,11,73,18,0,6,0,180.5,0.9912,0,,
13325,813,21,2016-02-01 21:40:19,2026-02-18 11:47:10,2016-2026,51,109,291,45,63,80,28,53,50,2,41,141.0,0.9975,0,,
13329,280,21,2020-04-13 08:01:41,2026-04-23 14:02:27,2020-2026,0,0,0,0,11,6,84,70,58,35,16,320.0,1.0,0,,
13344,4,4,2018-12-26 01:48:25,2024-10-24 18:02:53,2018;2019;2023;2024,0,0,1,1,0,0,0,1,1,0,0,102960.5,1.0,0,,
13345,17,6,2018-12-24 11:13:25,2025-09-25 14:10:38,2018;2020;2022;2023;2024;2025,0,0,1,0,3,0,8,1,1,3,0,100.0,1.0,0,,
13387,40,16,2019-07-17 15:26:35,2025-12-02 21:57:07,2019-2025,0,0,0,3,5,16,7,1,5,3,0,82196.0,1.0,0,,
13400,213,17,2016-01-29 07:39:23,2026-02-16 13:47:28,2016;2017;2018;2019;2020;2022;2023;2024;2025;2026,35,99,56,1,4,0,6,5,2,4,1,120.0,1.0,0,,
13411,202,21,2017-06-26 10:52:28,2026-04-13 07:13:26,2017-2026,0,3,22,21,21,20,26,22,28,21,18,169.0,0.995,0,,
13412,189,21,2017-08-02 14:05:20,2026-04-13 07:46:35,2017-2026,0,2,21,21,21,21,21,21,22,21,18,40.0,1.0,0,,
13900,1416,21,2016-01-03 09:35:26,2026-04-28 08:17:09,2016-2026,221,102,158,102,155,179,113,104,129,97,56,215.0,1.0,0,,
13902,5898,21,2016-01-03 09:08:33,2026-04-30 10:15:49,2016-2026,662,576,728,485,586,607,557,429,704,395,169,62.0,0.9998,0,,
13906,253,21,2018-04-10 17:29:38,2026-04-01 13:48:40,2018-2026,0,0,32,42,57,39,23,17,19,12,12,27.0,1.0,0,,
13907,257,21,2018-04-10 17:28:26,2026-04-01 13:48:40,2018-2026,0,0,33,45,56,40,23,17,19,12,12,27.0,1.0,0,,
13908,81,19,2018-04-10 17:29:31,2026-03-26 12:32:37,2018-2026,0,0,12,12,11,3,14,5,9,12,3,68.0,1.0,0,,
13909,130,19,2018-04-10 17:28:39,2026-03-01 00:47:50,2018-2026,0,0,9,39,29,9,13,7,10,12,2,121.0,1.0,0,,
13910,52,15,2018-04-09 10:33:52,2026-02-16 13:47:27,2018;2019;2020;2022;2023;2024;2025;2026,0,0,20,2,6,0,9,6,2,6,1,2.0,1.0,0,,
13911,20,12,2020-10-28 07:28:57,2026-02-27 01:09:55,2020;2022;2023;2024;2025;2026,0,0,0,0,2,0,4,5,5,2,2,90915.0,1.0,0,,
14001,5275,21,2016-01-11 10:43:19,2026-04-30 10:15:54,2016-2026,573,664,710,424,438,442,677,394,473,401,79,391.0,0.9998,0,,
14003,1,1,2018-01-17 12:56:01,2018-01-17 12:56:01,2018,0,0,1,0,0,0,0,0,0,0,0,61.0,1.0,0,,
14004,116,21,2016-06-30 04:51:48,2025-03-31 07:30:55,2016;2018;2019;2020;2021;2022;2023;2024;2025,9,0,2,4,23,10,19,18,22,9,0,4.0,1.0,0,,
14006,52,11,2017-02-01 12:26:15,2023-11-24 10:38:25,2017-2023,0,9,22,1,5,10,2,3,0,0,0,62.0,0.9808,0,,
14008,1,1,2018-01-17 12:56:01,2018-01-17 12:56:01,2018,0,0,1,0,0,0,0,0,0,0,0,61.0,1.0,0,,
14009,1,1,2018-01-17 12:56:01,2018-01-17 12:56:01,2018,0,0,1,0,0,0,0,0,0,0,0,61.0,1.0,0,,
14010,2,2,2018-01-17 12:56:01,2021-02-03 15:46:30,2018;2021,0,0,1,0,0,1,0,0,0,0,0,61.5,1.0,0,,
14011,3,3,2018-01-17 12:56:01,2023-01-14 08:11:20,2018;2021;2023,0,0,1,0,0,1,0,1,0,0,0,62.0,1.0,0,,
14012,3,3,2018-01-17 12:56:01,2023-01-14 08:11:20,2018;2021;2023,0,0,1,0,0,1,0,1,0,0,0,62.0,1.0,0,,
14013,3,3,2018-01-17 12:56:01,2023-01-14 08:11:20,2018;2021;2023,0,0,1,0,0,1,0,1,0,0,0,62.0,1.0,0,,
14016,8,8,2016-11-14 10:49:10,2023-01-15 09:36:09,2016-2023,1,1,1,1,1,1,1,1,0,0,0,22.0,1.0,0,,
14026,7,1,2018-02-28 17:57:32,2021-04-06 11:37:59,2018;2019;2021,0,0,3,2,0,2,0,0,0,0,0,7.0,1.0,0,,
14031,3,3,2020-05-22 15:46:44,2023-02-20 02:37:06,2020;2021;2023,0,0,0,0,1,1,0,1,0,0,0,45.0,1.0,0,,
14033,11,6,2020-10-28 07:28:57,2024-05-06 15:52:29,2020;2021;2023;2024,0,0,0,0,1,7,0,2,1,0,0,65.0,1.0,0,,
14035,11,7,2018-12-15 22:56:14,2026-02-24 16:18:38,2018;2019;2020;2021;2022;2023;2024;2026,0,0,1,1,1,4,1,1,1,0,1,45.0,1.0,0,,
14038,488,21,2016-01-03 09:08:34,2026-02-18 15:44:26,2016-2026,44,43,15,40,31,38,28,37,168,43,1,65.0,1.0,0,,
14040,22,5,2017-09-01 23:07:02,2021-04-04 16:15:05,2017;2018;2020;2021,0,13,6,0,1,2,0,0,0,0,0,65.0,1.0,0,,
14042,10,7,2019-07-01 13:06:07,2022-12-26 12:51:17,2019-2022,0,0,0,1,4,4,1,0,0,0,0,65.5,1.0,0,,
14044,8,7,2018-10-24 05:19:19,2025-07-14 23:09:42,2018;2019;2020;2021;2022;2024;2025,0,0,1,1,2,1,1,0,1,1,0,18550.5,1.0,0,,
14046,1,1,2020-10-30 13:48:36,2020-10-30 13:48:36,2020,0,0,0,0,1,0,0,0,0,0,0,102.0,1.0,0,,
14047,117,21,2016-06-30 04:51:48,2025-03-31 07:30:55,2016;2018;2019;2020;2021;2022;2023;2024;2025,9,0,2,5,17,4,20,18,27,15,0,8.0,1.0,0,,
14049,5,4,2018-03-14 12:43:34,2024-08-13 19:36:54,2018;2021;2022;2023;2024,0,0,1,0,0,1,1,1,1,0,0,51.0,1.0,0,,
14051,4,4,2018-01-30 17:48:46,2022-05-25 18:16:52,2018;2021;2022,0,0,2,0,0,1,1,0,0,0,0,46.5,1.0,0,,
14053,10,7,2020-04-01 13:25:20,2026-02-27 01:09:55,2020;2021;2022;2024;2025;2026,0,0,0,0,5,1,1,0,1,1,1,42.0,1.0,0,,
14055,11,3,2020-10-30 13:48:36,2023-01-14 08:16:22,2020;2022;2023,0,0,0,0,1,0,5,5,0,0,0,31.0,1.0,0,,
14056,120,21,2016-06-30 04:51:48,2025-03-31 07:30:55,2016;2018;2019;2020;2021;2022;2023;2024;2025,9,0,2,6,17,4,20,18,29,15,0,9.0,1.0,0,,
14099,1,1,2023-01-14 08:11:20,2023-01-14 08:11:20,2023,0,0,0,0,0,0,0,1,0,0,0,16.0,1.0,0,,
14111,372,21,2016-02-17 23:30:10,2026-04-01 13:49:02,2016-2026,79,12,38,46,63,46,31,18,18,13,8,19.5,1.0,0,,
14141,25,1,2018-07-27 12:07:00,2018-07-31 10:24:07,2018,0,0,25,0,0,0,0,0,0,0,0,309.0,1.0,0,,
14147,51,21,2016-11-08 19:24:42,2023-02-27 15:46:08,2016;2018;2019;2021;2023,22,0,1,1,0,25,0,2,0,0,0,224.0,1.0,0,,
14151,1,1,2018-01-17 12:56:01,2018-01-17 12:56:01,2018,0,0,1,0,0,0,0,0,0,0,0,76.0,1.0,0,,
14152,1,1,2018-01-17 12:56:01,2018-01-17 12:56:01,2018,0,0,1,0,0,0,0,0,0,0,0,76.0,1.0,0,,
14182,65,16,2016-11-11 10:00:26,2026-03-26 14:48:47,2016;2019;2020;2024;2026,37,0,0,3,9,0,0,0,11,0,5,209.0,1.0,0,,
14183,67,16,2016-11-11 10:00:26,2026-03-26 14:48:54,2016;2019;2020;2024;2026,38,0,0,4,8,0,0,0,11,0,6,168.0,1.0,0,,
14185,68,16,2016-11-11 10:00:26,2026-03-26 14:48:39,2016;2019;2020;2024;2026,38,0,0,3,12,0,0,0,11,0,4,186.5,1.0,0,,
14186,70,16,2016-11-11 10:00:26,2026-03-26 14:48:37,2016;2019;2020;2024;2026,38,0,0,3,14,0,0,0,11,0,4,166.5,1.0,0,,
14187,4,2,2019-04-16 11:15:43,2020-07-05 12:00:33,2019-2020,0,0,0,2,2,0,0,0,0,0,0,491.5,1.0,0,,
14188,80,16,2016-11-11 10:00:26,2026-04-01 13:48:05,2016;2019;2020;2024;2026,39,0,0,3,9,0,0,0,10,0,19,128.5,1.0,0,,
14189,87,16,2016-11-11 10:00:26,2026-04-01 13:48:07,2016;2019;2020;2024;2026,40,0,0,3,10,0,0,0,14,0,20,117.0,1.0,0,,
14190,4,2,2019-04-16 11:15:43,2020-07-05 12:00:32,2019-2020,0,0,0,2,2,0,0,0,0,0,0,491.0,1.0,0,,
14209,21,2,2018-07-26 14:50:43,2020-03-27 13:47:59,2018;2020,0,0,14,0,7,0,0,0,0,0,0,82.0,1.0,0,,
14213,14,6,2018-10-24 05:19:27,2022-09-25 08:20:44,2018;2020;2022,0,0,4,0,8,0,2,0,0,0,0,14138.5,1.0,0,,
14214,12,2,2018-12-14 19:26:24,2026-03-26 12:39:59,2018;2020;2026,0,0,2,0,2,0,0,0,0,0,8,83.0,1.0,0,,
14241,3,1,2020-07-05 01:21:31,2021-07-28 00:40:35,2020-2021,0,0,0,0,2,1,0,0,0,0,0,124.0,1.0,0,,
14247,1,1,2017-07-17 06:58:26,2017-07-17 06:58:26,2017,0,1,0,0,0,0,0,0,0,0,0,86.0,1.0,0,,
14248,1,1,2020-08-02 08:35:44,2020-08-02 08:35:44,2020,0,0,0,0,1,0,0,0,0,0,0,86.0,1.0,0,,
14251,1,1,2021-08-25 16:32:08,2021-08-25 16:32:08,2021,0,0,0,0,0,1,0,0,0,0,0,66.0,1.0,0,,
14257,1,1,2016-11-25 22:12:09,2016-11-25 22:12:09,2016,1,0,0,0,0,0,0,0,0,0,0,87.0,1.0,0,,
14259,2,2,2017-12-26 20:08:34,2024-04-23 06:19:47,2017;2024,0,1,0,0,0,0,0,0,1,0,0,87.0,1.0,0,,
14261,2,1,2026-03-24 00:00:14,2026-03-24 00:02:11,2026,0,0,0,0,0,0,0,0,0,0,2,88.5,1.0,0,,
14268,2,2,2018-09-30 13:29:43,2024-06-16 00:51:13,2018;2024,0,0,1,0,0,0,0,0,1,0,0,87.5,1.0,0,,
14302,723,21,2016-01-03 09:08:34,2026-04-13 07:46:36,2016-2026,51,46,46,59,41,70,43,72,229,49,17,92.0,1.0,0,,
15000,34,16,2016-06-30 04:51:48,2016-06-30 11:46:59,2016,34,0,0,0,0,0,0,0,0,0,0,785.5,1.0,0,,
15001,5665,21,2016-01-11 10:43:20,2026-04-30 10:15:53,2016-2026,597,714,749,498,481,463,760,412,487,422,82,174.0,0.9998,0,,
15004,172,21,2016-06-30 04:51:48,2025-03-31 07:30:56,2016-2025,52,4,3,8,24,11,20,19,24,7,0,7.5,1.0,0,,
15006,39,13,2017-01-28 08:57:39,2024-08-12 09:41:41,2017;2018;2019;2020;2021;2023;2024,0,2,6,2,6,20,0,1,2,0,0,60.0,0.9744,0,,
15015,4,3,2017-11-14 19:10:41,2025-09-23 11:48:28,2017;2025,0,1,0,0,0,0,0,0,0,3,0,337.5,1.0,0,,
15016,7,5,2017-11-10 13:52:11,2023-02-27 15:30:26,2017;2018;2021;2023,0,1,1,0,0,3,0,2,0,0,0,22.0,1.0,0,,
15018,36,15,2016-11-11 10:31:08,2016-12-05 13:03:49,2016,36,0,0,0,0,0,0,0,0,0,0,49.5,1.0,0,,
15020,36,15,2016-11-11 10:31:08,2016-12-05 13:03:49,2016,36,0,0,0,0,0,0,0,0,0,0,49.5,1.0,0,,
15026,12,3,2018-01-19 18:51:34,2021-04-06 11:37:59,2018;2019;2021,0,0,9,1,0,2,0,0,0,0,0,91.0,1.0,0,,
15027,44,21,2016-11-08 19:21:51,2016-12-05 13:03:47,2016,44,0,0,0,0,0,0,0,0,0,0,184.5,1.0,0,,
15029,26,9,2016-11-13 11:36:53,2016-12-05 13:03:44,2016,26,0,0,0,0,0,0,0,0,0,0,50.5,1.0,0,,
15031,25,14,2016-06-30 04:51:50,2024-10-24 04:02:12,2016-2024,3,1,2,2,4,3,3,2,5,0,0,7.0,1.0,0,,
15032,38,3,2016-11-15 11:36:08,2023-07-09 11:08:46,2016;2017;2023,18,8,0,0,0,0,0,12,0,0,0,65.0,1.0,0,,
15033,52,16,2016-06-30 04:51:48,2025-03-31 07:30:54,2016;2018;2019;2020;2021;2022;2023;2024;2025,3,0,1,1,6,23,3,8,5,2,0,64.0,1.0,0,,
15034,2,1,2020-09-03 07:31:12,2020-09-03 08:15:48,2020,0,0,0,0,2,0,0,0,0,0,0,544.5,1.0,0,,
15035,32,18,2019-07-01 13:06:07,2025-07-14 23:09:43,2019-2025,0,0,0,1,4,5,4,6,9,3,0,6.0,1.0,0,,
15037,7,1,2021-02-04 19:00:49,2021-02-05 07:15:06,2021,0,0,0,0,0,7,0,0,0,0,0,65.0,1.0,0,,
15038,391,21,2016-01-03 09:08:34,2025-09-10 13:49:51,2016-2025,36,40,11,32,21,23,18,24,147,39,0,64.0,1.0,0,,
15040,3,3,2019-07-01 13:06:07,2025-07-14 23:09:43,2019;2021;2025,0,0,0,1,0,1,0,0,0,1,0,6.0,1.0,0,,
15042,22,11,2016-06-30 04:51:48,2026-02-27 01:09:55,2016;2018;2020;2021;2022;2024;2026,2,0,2,0,2,11,3,0,1,0,1,55.5,1.0,0,,
15044,10,8,2019-07-05 14:50:40,2023-01-06 09:10:14,2019;2020;2021;2023,0,0,0,1,6,2,0,1,0,0,0,27.0,1.0,0,,
15047,137,21,2016-02-01 22:25:04,2025-09-10 13:49:49,2016-2025,8,2,3,8,17,4,19,20,37,19,0,8.0,1.0,0,,
15049,24,14,2016-06-30 04:51:50,2024-06-13 02:07:22,2016;2018;2019;2020;2021;2022;2023;2024,2,0,1,1,8,3,5,1,3,0,0,8.0,1.0,0,,
15051,15,11,2016-06-30 04:51:48,2026-02-27 01:09:55,2016;2018;2020;2022;2023;2024;2026,1,0,1,0,4,0,3,1,4,0,1,9.0,1.0,0,,
15053,16,12,2020-04-01 13:25:22,2025-08-04 11:29:06,2020-2025,0,0,0,0,2,2,3,2,4,3,0,46.0,1.0,0,,
15056,88,21,2016-01-29 12:51:47,2025-03-31 07:30:56,2016;2018;2019;2020;2021;2022;2023;2024;2025,8,0,2,4,10,2,12,15,22,13,0,9.0,1.0,0,,
15093,18,18,2017-06-26 09:55:00,2017-06-26 09:55:02,2017,0,18,0,0,0,0,0,0,0,0,0,13.0,1.0,0,,
15111,294,21,2016-02-17 23:53:18,2026-04-01 13:49:02,2016-2026,18,21,30,44,59,40,19,19,20,12,12,13.0,1.0,0,,
15133,45,7,2016-08-19 12:45:47,2025-09-10 17:08:04,2016;2022;2023;2025,2,0,0,0,0,0,15,26,0,2,0,54.0,1.0,0,,
15136,2,1,2016-11-16 11:18:56,2016-11-16 11:23:37,2016,2,0,0,0,0,0,0,0,0,0,0,145.5,1.0,0,,
15137,2,1,2016-11-16 11:18:56,2016-11-16 11:23:36,2016,2,0,0,0,0,0,0,0,0,0,0,146.0,1.0,0,,
15147,26,21,2019-02-06 14:02:42,2023-02-27 15:47:41,2019;2021;2023,0,0,0,1,0,23,0,2,0,0,0,82.0,1.0,0,,
15148,2,2,2018-02-04 09:15:13,2021-04-24 06:12:22,2018;2021,0,0,1,0,0,1,0,0,0,0,0,12.5,1.0,0,,
15149,14,8,2017-02-01 12:41:41,2022-01-29 10:52:31,2017;2018;2020;2021;2022,0,3,6,0,1,3,1,0,0,0,0,77.0,1.0,0,,
15182,80,16,2016-11-11 10:00:26,2026-03-26 14:48:29,2016;2019;2020;2021;2024;2026,25,0,0,5,22,11,0,0,13,0,4,119.5,1.0,0,,
15183,80,16,2016-11-11 10:00:26,2026-03-26 14:48:26,2016;2019;2020;2021;2024;2026,26,0,0,5,23,9,0,0,13,0,4,116.0,1.0,0,,
15185,81,16,2016-11-11 10:00:26,2026-03-26 14:48:54,2016;2018;2019;2020;2021;2024;2026,26,0,8,5,21,5,0,0,11,0,5,108.0,1.0,0,,
15186,79,16,2016-11-11 10:00:26,2026-03-26 14:48:54,2016;2018;2019;2020;2021;2024;2026,26,0,8,5,21,3,0,0,11,0,5,115.0,1.0,0,,
15187,21,4,2016-11-13 12:24:56,2024-10-24 13:35:59,2016;2019;2020;2021;2024,8,0,0,1,2,8,0,0,2,0,0,85.0,1.0,0,,
15188,72,16,2016-11-11 10:00:26,2026-03-26 14:48:54,2016;2019;2020;2021;2024;2026,26,0,0,5,19,5,0,0,12,0,5,99.5,1.0,0,,
15189,74,16,2016-11-11 10:00:26,2026-03-26 14:48:54,2016;2019;2020;2021;2024;2026,26,0,0,5,20,5,0,0,12,0,6,94.0,1.0,0,,
15190,44,5,2016-11-13 11:36:42,2024-10-24 13:35:59,2016;2019;2020;2021;2024,27,0,0,1,5,9,0,0,2,0,0,55.0,1.0,0,,
15202,43,21,2016-11-08 19:21:51,2016-12-05 13:03:46,2016,43,0,0,0,0,0,0,0,0,0,0,207.0,1.0,0,,
15207,23,5,2016-11-15 01:30:33,2024-10-24 06:28:24,2016;2017;2018;2023;2024,3,2,10,0,0,0,0,2,6,0,0,81.0,1.0,0,,
15208,24,3,2016-01-03 09:08:34,2020-09-02 16:34:46,2016;2020,10,0,0,0,14,0,0,0,0,0,0,41.5,1.0,0,,
15212,33,15,2016-11-08 19:22:00,2025-09-10 13:49:49,2016;2025,32,0,0,0,0,0,0,0,0,1,0,146.0,1.0,0,,
15213,69,17,2016-11-13 11:36:53,2023-08-11 12:23:39,2016;2018;2019;2020;2022;2023,23,0,25,3,12,0,2,4,0,0,0,83.0,1.0,0,,
15214,40,12,2016-11-14 10:43:21,2021-04-06 11:00:42,2016;2018;2020;2021,21,0,2,0,9,8,0,0,0,0,0,83.0,1.0,0,,
15227,391,21,2016-06-30 04:51:51,2025-09-10 13:54:29,2016;2019;2020;2022;2023;2024;2025,7,0,0,17,20,0,21,52,235,39,0,26.0,1.0,0,,
15230,4,2,2016-06-30 04:52:10,2016-06-30 04:52:15,2016,4,0,0,0,0,0,0,0,0,0,0,766.5,1.0,0,,
15231,46,21,2016-07-20 03:29:51,2017-09-22 16:57:51,2016-2017,44,2,0,0,0,0,0,0,0,0,0,124.0,1.0,0,,
15241,46,21,2016-11-08 19:21:51,2024-10-24 12:47:46,2016;2017;2018;2019;2020;2021;2023;2024,27,4,1,5,3,2,0,2,2,0,0,191.0,1.0,0,,
15251,16,13,2016-11-11 10:31:08,2023-08-11 10:27:47,2016;2018;2019;2020;2023,9,0,4,1,1,0,0,1,0,0,0,87.0,1.0,0,,
15259,1,1,2017-05-29 16:53:23,2017-05-29 16:53:23,2017,0,1,0,0,0,0,0,0,0,0,0,87.0,1.0,0,,
15261,7,6,2016-11-16 16:58:38,2025-03-31 07:30:55,2016;2020;2021;2022;2025,1,0,0,0,2,2,1,0,0,1,0,87.0,1.0,0,,
15267,1,1,2021-09-09 09:13:25,2021-09-09 09:13:25,2021,0,0,0,0,0,1,0,0,0,0,0,89.0,1.0,0,,
15269,1,1,2024-06-18 16:45:04,2024-06-18 16:45:04,2024,0,0,0,0,0,0,0,0,1,0,0,88.0,1.0,0,,
15324,559,21,2016-08-19 12:46:10,2025-09-10 17:21:46,2016-2025,10,34,37,22,21,19,34,69,270,43,0,36.0,1.0,0,,
15325,66,21,2016-11-08 19:21:51,2025-03-31 07:30:56,2016;2020;2022;2023;2025,6,0,0,0,18,0,18,20,0,4,0,36.0,1.0,0,,
15326,14,10,2016-06-30 04:51:49,2016-12-05 13:03:46,2016,14,0,0,0,0,0,0,0,0,0,0,353.0,1.0,0,,
15328,6,6,2016-11-08 19:21:51,2016-11-15 16:50:37,2016,6,0,0,0,0,0,0,0,0,0,0,458.0,1.0,0,,
32793,1,1,2021-08-04 08:38:30,2021-08-04 08:38:30,2021,0,0,0,0,0,1,0,0,0,0,0,,0.0,0,,
50000,6180,21,2016-01-03 13:39:33,2026-04-30 07:27:28,2016-2026,703,531,607,511,613,524,901,602,495,512,181,3175.0,0.9998,0,,
50001,2952,21,2016-01-29 16:11:31,2026-04-28 08:35:39,2016-2026,478,300,591,256,300,181,361,117,196,139,33,70.0,0.998,0,,
50008,3331,22,2016-01-04 10:19:32,2026-04-23 09:07:41,2016-2026,498,473,597,269,311,180,345,201,229,186,42,2006.0,0.9988,0,,
50200,10000,21,2016-01-27 21:04:50,2026-04-04 20:09:38,2016-2026,171,1013,1536,1303,657,1547,1432,588,1182,428,143,,0.0,0,,
50201,6541,21,2016-01-06 01:48:37,2026-04-07 07:20:54,2016-2026,1477,1011,318,395,362,1051,469,319,985,148,6,,0.0,0,,
50300,127,21,2022-04-05 08:03:42,2026-04-22 09:00:07,2022-2026,0,0,0,0,0,0,49,8,58,6,6,456.0,1.0,0,,
50332,5,1,2022-04-04 13:27:37,2025-08-29 05:39:11,2022-2025,0,0,0,0,0,0,2,1,1,1,0,34.0,1.0,0,,
50344,4195,21,2016-01-04 10:18:08,2022-03-21 08:23:52,2016-2022,855,1111,1139,451,316,207,116,0,0,0,0,66.0,0.9995,0,,
50346,325160,21,2016-01-01 08:40:34,2022-04-04 07:06:01,2016-2022,95046,36825,37212,11347,1970,73631,69129,0,0,0,0,9.0,1.0,0,,
50358,24,1,2017-04-07 08:34:07,2025-09-11 17:30:17,2017;2018;2019;2021;2025,0,8,1,4,0,3,0,0,0,8,0,1.0,1.0,0,,
50359,88,21,2017-01-08 08:29:24,2024-12-06 12:47:02,2017;2018;2019;2022;2023;2024,0,5,21,7,0,0,31,1,23,0,0,691.0,1.0,0,,
50393,13,1,2022-09-17 10:59:52,2025-09-11 17:04:24,2022;2024;2025,0,0,0,0,0,0,2,0,4,7,0,2.0,1.0,0,,
50950,2335,21,2016-01-04 10:18:06,2026-04-23 09:21:36,2016-2026,213,189,160,89,494,387,293,143,185,146,36,9141.5,0.9867,0,,
50952,516,21,2017-06-29 06:34:59,2021-10-19 13:58:29,2017-2021,0,26,27,8,152,303,0,0,0,0,0,86195.5,0.9535,0,,
50954,10998,21,2016-10-10 10:52:32,2026-03-02 07:41:16,2016;2017;2018;2020;2021;2022;2023;2024;2025;2026,142,894,1334,0,561,1282,6740,3,3,38,1,263.0,0.9999,0,,
52020,1418,21,2016-03-15 03:00:01,2022-09-23 23:00:00,2016-2022,138,104,50,11,203,811,101,0,0,0,0,50396.0,0.9746,0,,
54100,20,20,2022-04-04 10:14:28,2022-04-05 09:02:08,2022,0,0,0,0,0,0,20,0,0,0,0,1117.0,0.95,0,,
62001,2,2,2016-11-14 09:54:19,2016-11-16 10:31:16,2016,2,0,0,0,0,0,0,0,0,0,0,905.0,1.0,0,,
62004,9,3,2016-07-19 13:36:28,2024-11-07 16:25:38,2016;2018;2021;2024,6,0,1,0,0,1,0,0,1,0,0,144.0,1.0,0,,
62008,1,1,2025-03-31 07:30:55,2025-03-31 07:30:55,2025,0,0,0,0,0,0,0,0,0,1,0,84747.0,1.0,0,,
62011,1133,3,2023-03-08 16:34:40,2023-03-24 16:39:57,2023,0,0,0,0,0,0,0,1133,0,0,0,240.0,1.0,0,,
63000,61,17,2019-07-04 10:19:22,2022-06-24 09:02:14,2019-2022,0,0,0,15,1,31,14,0,0,0,0,276.0,0.9836,0,,
63001,320,21,2016-01-04 10:17:58,2025-09-27 02:05:14,2016-2025,41,78,55,54,29,30,11,9,7,6,0,2704.0,1.0,0,,
63002,75,9,2016-02-12 00:19:05,2026-02-10 09:35:26,2016;2017;2018;2024;2025;2026,49,2,1,0,0,0,0,0,1,10,12,410.0,1.0,0,,
63003,2019,21,2016-01-04 10:51:08,2026-03-04 08:57:47,2016-2026,325,408,398,105,96,114,216,96,160,100,1,3488.0,0.999,0,,
63004,611,20,2016-02-09 10:33:16,2026-03-04 08:57:47,2016-2026,92,161,183,20,25,52,37,11,17,12,1,1144.0,0.9984,0,,
63005,671,21,2016-03-16 16:03:09,2026-03-25 10:05:44,2016-2026,87,94,148,20,78,55,63,25,51,34,16,36.0,0.9985,0,,
63009,74,13,2022-06-20 11:56:45,2025-12-12 10:47:13,2022-2025,0,0,0,0,0,0,11,8,32,23,0,75.5,1.0,0,,
63013,223,21,2020-07-13 11:15:09,2026-03-26 12:56:32,2020-2026,0,0,0,0,47,35,47,24,41,5,24,37.0,1.0,0,,
63016,681,21,2016-03-01 09:16:03,2026-04-28 08:33:57,2016-2026,74,52,59,62,89,70,65,81,59,58,12,29.0,0.9985,0,,
63025,724,21,2016-02-01 14:34:16,2026-04-28 12:37:48,2016-2026,82,53,93,66,76,63,54,61,63,88,25,20.0,1.0,0,,
63026,291,21,2016-03-01 10:27:58,2026-04-28 09:24:35,2016-2026,37,28,21,25,32,22,30,30,37,26,3,19.0,0.9966,0,,
63027,709,21,2016-01-29 11:26:23,2026-04-28 12:39:59,2016-2026,98,96,120,64,62,33,47,56,56,59,18,56.0,1.0,0,,
63036,524,21,2016-04-19 15:31:54,2026-04-28 08:35:22,2016-2026,32,25,31,74,50,54,71,62,57,61,7,61.0,0.9981,0,,
63038,270,21,2016-03-01 09:10:44,2026-04-28 08:32:47,2016-2026,35,21,23,21,25,21,23,30,22,45,4,21.0,0.9963,0,,
63104,1,1,2018-11-12 14:43:24,2018-11-12 14:43:24,2018,0,0,1,0,0,0,0,0,0,0,0,4209.0,1.0,0,,
63105,1,1,2018-11-12 14:45:24,2018-11-12 14:45:24,2018,0,0,1,0,0,0,0,0,0,0,0,4088.0,1.0,0,,
63112,22,6,2017-02-23 12:52:52,2024-07-09 14:21:23,2017;2018;2019;2022;2023;2024,0,2,4,2,0,0,4,6,4,0,0,1482.0,1.0,0,,
63123,8,3,2018-06-19 09:21:06,2024-02-08 16:24:26,2018;2019;2024,0,0,2,4,0,0,0,0,2,0,0,1902.0,1.0,0,,
63124,2,1,2025-08-30 10:03:51,2025-08-30 11:02:55,2025,0,0,0,0,0,0,0,0,0,2,0,237.0,1.0,0,,
63151,3,1,2025-08-30 10:00:22,2025-08-30 11:02:15,2025,0,0,0,0,0,0,0,0,0,3,0,295.0,1.0,0,,
63154,5,2,2018-11-12 14:43:07,2023-02-20 16:01:55,2018;2023,0,0,1,0,0,0,0,4,0,0,0,46.0,1.0,0,,
63155,5,2,2018-11-12 14:45:07,2023-02-20 16:01:55,2018;2023,0,0,1,0,0,0,0,4,0,0,0,45.0,1.0,0,,
63162,117,6,2016-07-14 19:51:27,2025-05-09 16:21:37,2016;2017;2018;2019;2021;2022;2023;2024;2025,5,36,39,3,0,1,3,15,10,5,0,803.0,0.9829,0,,
63169,9,3,2018-05-28 12:53:54,2023-02-20 16:01:56,2018;2023,0,0,5,0,0,0,0,4,0,0,0,151.0,1.0,0,,
63174,2,1,2025-08-30 10:00:23,2025-08-30 11:02:06,2025,0,0,0,0,0,0,0,0,0,2,0,374.5,1.0,0,,
63175,18,5,2021-07-13 03:07:23,2024-07-22 12:05:24,2021-2024,0,0,0,0,0,7,3,2,6,0,0,153.5,1.0,0,,
63200,18,3,2018-08-07 13:50:18,2025-04-01 09:47:40,2018;2023;2025,0,0,1,0,0,0,0,1,0,16,0,156.5,1.0,0,,
63201,6,3,2018-08-07 13:50:18,2025-09-27 02:04:36,2018;2025,0,0,1,0,0,0,0,0,0,5,0,2556.5,1.0,0,,
63202,11,4,2018-08-07 13:50:18,2025-09-27 02:04:36,2018;2021;2025,0,0,1,0,0,9,0,0,0,1,0,83.5,0.9091,0,,
63203,7,3,2018-08-07 13:50:18,2025-09-27 02:04:36,2018;2021;2025,0,0,1,0,0,5,0,0,0,1,0,163.0,1.0,0,,
63204,274,14,2016-04-18 11:35:04,2026-02-13 13:52:38,2016;2017;2018;2019;2020;2021;2022;2025;2026,24,43,60,12,8,15,104,0,0,4,4,87.0,1.0,0,,
63205,201,20,2016-02-23 10:55:09,2026-02-16 13:47:28,2016-2026,19,30,23,14,25,2,32,18,3,34,1,101.0,1.0,0,,
63206,187,20,2016-02-23 10:55:08,2026-02-16 13:47:30,2016-2026,19,29,25,13,24,4,29,20,4,19,1,100.0,1.0,0,,
63207,197,19,2016-02-23 10:55:09,2026-02-16 13:47:30,2016-2026,21,27,18,12,33,20,24,19,6,16,1,96.0,0.9949,0,,
63208,204,20,2016-02-23 10:55:08,2026-02-16 13:47:31,2016-2026,32,26,19,20,36,14,20,14,6,16,1,95.0,1.0,0,,
63209,881,21,2016-04-18 09:02:01,2026-02-18 09:53:56,2016-2026,115,133,157,35,54,65,252,26,13,24,7,98.0,0.9966,0,,
63210,264,14,2016-04-18 11:35:04,2026-02-13 13:51:12,2016;2017;2018;2019;2020;2021;2022;2025;2026,22,34,57,13,10,19,102,0,0,4,3,90.0,1.0,0,,
63211,753,21,2016-02-23 10:55:08,2026-02-16 13:47:28,2016-2026,102,123,154,31,44,43,195,18,11,26,6,103.0,0.9987,0,,
63216,7,3,2018-08-07 13:50:18,2025-09-27 02:04:36,2018;2021;2025,0,0,1,0,0,5,0,0,0,1,0,166.0,1.0,0,,
63217,179,19,2016-02-23 10:55:08,2026-02-16 13:47:28,2016-2026,19,24,18,13,33,13,24,14,4,16,1,99.0,1.0,0,,
63218,3,2,2018-08-07 13:50:18,2025-04-01 09:47:35,2018;2025,0,0,1,0,0,0,0,0,0,2,0,444.0,1.0,0,,
63219,213,20,2016-02-23 10:55:09,2026-02-16 13:47:35,2016-2026,24,34,26,15,30,4,30,26,6,16,2,89.0,1.0,0,,
63230,12,3,2018-08-05 06:20:29,2024-09-30 14:34:07,2018;2023;2024,0,0,4,0,0,0,0,4,4,0,0,313.0,1.0,0,,
63300,453,21,2016-02-23 10:55:08,2026-03-02 09:44:57,2016-2026,87,42,33,45,54,20,76,44,19,28,5,66.0,1.0,0,,
63302,133,19,2016-02-23 10:55:09,2026-02-16 13:47:28,2016-2026,17,21,18,12,18,2,15,14,3,12,1,111.0,1.0,0,,
63303,136,20,2016-02-23 10:55:09,2026-02-16 13:47:28,2016-2026,18,25,11,11,22,2,17,11,3,15,1,110.5,1.0,0,,
63304,135,19,2016-02-23 10:55:09,2026-02-16 13:47:28,2016-2026,17,21,11,9,25,9,17,9,4,12,1,109.0,0.9926,0,,
63305,250,19,2016-02-23 10:55:09,2026-02-16 13:47:28,2016-2026,56,46,21,11,25,10,35,11,11,23,1,109.0,0.996,0,,
63308,129,19,2016-02-23 10:55:09,2026-02-16 13:47:28,2016-2026,17,18,9,9,25,5,18,9,3,15,1,106.0,1.0,0,,
63309,160,17,2016-04-18 09:02:02,2025-08-19 10:23:35,2016-2025,48,24,8,6,10,12,20,15,6,11,0,113.0,0.9938,0,,
63310,136,20,2016-03-03 17:55:09,2026-02-16 13:47:28,2016-2026,30,18,12,8,16,6,19,11,3,12,1,107.0,1.0,0,,
63311,43,14,2016-05-14 15:02:58,2024-01-27 12:04:52,2016;2017;2019;2020;2021;2022;2023;2024,5,2,0,4,6,2,9,14,1,0,0,98.0,1.0,0,,
63400,160,21,2016-04-14 07:27:55,2026-04-22 08:54:22,2016;2017;2019;2021;2022;2023;2024;2025;2026,42,4,0,7,0,4,41,5,50,4,3,749.5,1.0,0,,
63401,91,21,2016-04-14 07:27:55,2021-06-02 08:48:06,2016;2017;2018;2021,42,6,38,0,0,5,0,0,0,0,0,344.0,1.0,0,,
63402,57,21,2016-04-14 07:27:55,2022-06-06 13:34:17,2016;2017;2018;2021;2022,42,5,4,0,0,5,1,0,0,0,0,1076.0,1.0,0,,
63403,136,21,2016-04-14 07:27:55,2022-12-19 10:49:57,2016;2017;2018;2019;2020;2022,42,8,40,2,1,0,43,0,0,0,0,367.0,1.0,0,,
63410,2,2,2023-12-10 15:53:26,2024-06-21 17:53:53,2023-2024,0,0,0,0,0,0,0,1,1,0,0,13615.0,1.0,0,,
63412,112,21,2016-02-02 08:48:37,2026-04-14 13:22:53,2016-2026,16,5,7,5,8,3,9,8,23,17,11,88.0,1.0,0,,
63501,6,6,2018-10-04 17:28:54,2025-08-17 12:45:33,2018;2022;2023;2025,0,0,1,0,0,0,1,3,0,1,0,112.5,1.0,0,,
63502,24,12,2016-09-15 09:21:17,2026-02-16 13:47:30,2016;2018;2021;2022;2023;2024;2025;2026,2,0,1,0,0,1,6,5,2,6,1,96.5,1.0,0,,
63503,10,7,2017-01-29 00:09:38,2021-08-24 04:58:44,2017;2018;2021,0,3,4,0,0,3,0,0,0,0,0,5400.0,1.0,0,,
64000,21,13,2016-06-29 19:30:09,2023-12-15 07:30:08,2016;2017;2018;2020;2021;2023,4,2,6,0,2,1,0,6,0,0,0,5079.0,1.0,0,,
64001,28,5,2016-03-21 13:34:38,2020-06-25 14:54:23,2016;2017;2018;2020,5,1,9,0,13,0,0,0,0,0,0,67.0,1.0,0,,
64032,1,1,2022-03-10 15:42:08,2022-03-10 15:42:08,2022,0,0,0,0,0,0,1,0,0,0,0,61827.0,1.0,0,,
64038,2,2,2017-02-23 12:52:52,2019-01-31 12:07:35,2017;2019,0,1,0,1,0,0,0,0,0,0,0,1939.0,1.0,0,,
64039,5,2,2017-02-22 17:20:21,2019-01-31 12:07:29,2017;2019,0,4,0,1,0,0,0,0,0,0,0,533.0,1.0,0,,
64054,60,5,2018-08-07 13:50:20,2025-09-27 02:04:38,2018;2021;2022;2025,0,0,1,0,0,7,2,0,0,50,0,84.5,1.0,0,,
64066,223,20,2016-01-27 04:30:21,2026-02-27 18:04:28,2016-2026,10,35,18,2,18,25,20,43,32,12,8,279.5,0.9955,0,,
64111,4,2,2017-02-23 12:52:52,2019-01-31 12:13:53,2017;2019,0,1,0,3,0,0,0,0,0,0,0,2.5,1.0,0,,
64123,42,14,2024-10-28 07:27:33,2026-04-11 21:12:14,2024-2026,0,0,0,0,0,0,0,0,3,34,5,108.0,1.0,0,,
64124,22,10,2025-02-10 14:26:07,2026-02-16 13:47:31,2025-2026,0,0,0,0,0,0,0,0,0,21,1,90.5,1.0,0,,
64125,27,10,2024-10-02 04:55:46,2026-02-16 13:47:31,2024-2026,0,0,0,0,0,0,0,0,5,21,1,101.0,1.0,0,,
64126,32,9,2025-02-10 14:26:07,2026-02-16 13:47:32,2025-2026,0,0,0,0,0,0,0,0,0,28,4,91.0,1.0,0,,
64129,24,9,2024-12-31 08:48:29,2026-02-16 13:47:32,2024-2026,0,0,0,0,0,0,0,0,1,22,1,90.0,1.0,0,,
64132,7,3,2024-11-07 07:00:07,2026-04-21 21:00:23,2024;2026,0,0,0,0,0,0,0,0,6,0,1,16259.0,1.0,0,,
71001,2032,21,2016-01-28 09:09:15,2026-02-28 11:34:59,2016-2026,813,409,163,146,75,35,66,50,183,79,13,,0.0,0,,
71002,705,21,2016-01-04 11:03:11,2020-06-15 07:22:56,2016;2018;2019;2020,382,0,46,4,273,0,0,0,0,0,0,,0.0,0,,
73029,1557,21,2022-04-04 12:02:28,2026-04-28 08:35:29,2022-2026,0,0,0,0,0,0,602,237,291,379,48,77.0,1.0,0,,
73030,1448,21,2022-04-04 14:21:03,2026-04-30 21:47:16,2022-2026,0,0,0,0,0,0,744,88,109,143,364,5536.5,1.0,0,,
73032,52,21,2022-04-04 13:56:15,2026-04-18 02:01:13,2022-2026,0,0,0,0,0,0,25,9,5,7,6,4203.0,1.0,0,,
73033,6550,21,2022-04-04 12:18:39,2026-04-30 23:33:18,2022-2026,0,0,0,0,0,0,2315,705,1567,1371,592,5250.0,0.9998,0,,
73040,156,21,2022-04-05 08:21:09,2026-02-16 13:49:03,2022-2026,0,0,0,0,0,0,68,57,8,22,1,19.0,1.0,0,,
