analysis,scope,n_events,E_mwh,n_turbines,n_blocks,point_pct,ci_lo_pct,ci_hi_pct,boot_mean_pct,boot_sd_pp,reps,seed,n_finite_reps,note
bootstrap_turbine_year_block,all,4213,9386.501584975991,20.0,170.0,7.528169493855308,2.063604095683635,16.147177387207194,7.537142474128097,3.7484774064984787,10000.0,20260907.0,10000.0,"outer: 20 turbines with replacement; inner: that turbine's turbine-year blocks with replacement, all events in a drawn block kept together; percentile 95% CI"
bootstrap_unstratified_quoted,all,4213,9386.501584975991,20.0,,7.5281694938553,1.9465420331056498,16.717062541110888,7.51687387351906,3.88035859209911,10000.0,20260827.0,10000.0,"QUOTED verbatim from bootstrap.csv, not recomputed"
bootstrap_farm_stratified_quoted,all,4213,9386.501584975991,20.0,,7.528169493855308,1.9786138306990024,16.388058987147996,7.580490535800462,3.8188801359008897,10000.0,20260904.0,10000.0,"QUOTED verbatim from cluster_robustness.csv, not recomputed"
block_structure,turbine_year_blocks,4213,9386.501584975991,20.0,170.0,,,,,,,,,events per block min 2 / median 18 / mean 24.78 / max 183; blocks per turbine min 8 / median 8 / max 9; MWh per block median 24.69 / max 706.5
block_detail,kelmarsh_WT01_2016,14,23.208719865364994,,,,,,,,,,,1 actionable events / 19.0 MWh actionable
block_detail,kelmarsh_WT01_2017,23,36.41753181257884,,,,,,,,,,,0 actionable events / 0.0 MWh actionable
block_detail,kelmarsh_WT01_2018,9,2.503932802817027,,,,,,,,,,,0 actionable events / 0.0 MWh actionable
block_detail,kelmarsh_WT01_2019,11,2.6268619534924564,,,,,,,,,,,1 actionable events / 0.3 MWh actionable
block_detail,kelmarsh_WT01_2020,20,21.677606115855582,,,,,,,,,,,2 actionable events / 0.1 MWh actionable
block_detail,kelmarsh_WT01_2021,24,58.420497752000635,,,,,,,,,,,5 actionable events / 0.0 MWh actionable
block_detail,kelmarsh_WT01_2022,83,12.009750162624808,,,,,,,,,,,50 actionable events / 0.1 MWh actionable
block_detail,kelmarsh_WT01_2023,6,1.0117301686169928,,,,,,,,,,,1 actionable events / 0.3 MWh actionable
block_detail,kelmarsh_WT01_2024,19,8.416034175416456,,,,,,,,,,,0 actionable events / 0.0 MWh actionable
block_detail,kelmarsh_WT02_2016,11,8.190815344297377,,,,,,,,,,,0 actionable events / 0.0 MWh actionable
block_detail,kelmarsh_WT02_2017,16,13.530538030870757,,,,,,,,,,,0 actionable events / 0.0 MWh actionable
block_detail,kelmarsh_WT02_2018,17,15.91993326812474,,,,,,,,,,,0 actionable events / 0.0 MWh actionable
block_detail,kelmarsh_WT02_2019,14,11.616777257705401,,,,,,,,,,,1 actionable events / 0.0 MWh actionable
block_detail,kelmarsh_WT02_2020,24,24.195026704054115,,,,,,,,,,,0 actionable events / 0.0 MWh actionable
block_detail,kelmarsh_WT02_2021,14,3.6312725295722763,,,,,,,,,,,0 actionable events / 0.0 MWh actionable
block_detail,kelmarsh_WT02_2022,32,49.94397094592083,,,,,,,,,,,0 actionable events / 0.0 MWh actionable
block_detail,kelmarsh_WT02_2023,11,1.3549898829579123,,,,,,,,,,,1 actionable events / 0.7 MWh actionable
block_detail,kelmarsh_WT02_2024,23,22.68524705065224,,,,,,,,,,,3 actionable events / 1.4 MWh actionable
block_detail,kelmarsh_WT03_2016,6,11.32258991220617,,,,,,,,,,,0 actionable events / 0.0 MWh actionable
block_detail,kelmarsh_WT03_2017,8,4.443363977856317,,,,,,,,,,,0 actionable events / 0.0 MWh actionable
block_detail,kelmarsh_WT03_2018,22,5.392214398113067,,,,,,,,,,,0 actionable events / 0.0 MWh actionable
block_detail,kelmarsh_WT03_2019,6,1.9738004522539492,,,,,,,,,,,0 actionable events / 0.0 MWh actionable
block_detail,kelmarsh_WT03_2020,13,48.58355152054325,,,,,,,,,,,0 actionable events / 0.0 MWh actionable
block_detail,kelmarsh_WT03_2021,12,2.2217234654885587,,,,,,,,,,,0 actionable events / 0.0 MWh actionable
block_detail,kelmarsh_WT03_2022,6,3.976629028112902,,,,,,,,,,,0 actionable events / 0.0 MWh actionable
block_detail,kelmarsh_WT03_2023,2,0.33287045458205544,,,,,,,,,,,0 actionable events / 0.0 MWh actionable
block_detail,kelmarsh_WT03_2024,5,78.79338049828462,,,,,,,,,,,0 actionable events / 0.0 MWh actionable
block_detail,kelmarsh_WT04_2016,5,0.2413777439699173,,,,,,,,,,,0 actionable events / 0.0 MWh actionable
block_detail,kelmarsh_WT04_2017,20,10.160794420893987,,,,,,,,,,,0 actionable events / 0.0 MWh actionable
block_detail,kelmarsh_WT04_2018,8,6.361328591186204,,,,,,,,,,,0 actionable events / 0.0 MWh actionable
block_detail,kelmarsh_WT04_2019,15,3.943457774590227,,,,,,,,,,,0 actionable events / 0.0 MWh actionable
block_detail,kelmarsh_WT04_2020,29,98.89908634074816,,,,,,,,,,,0 actionable events / 0.0 MWh actionable
block_detail,kelmarsh_WT04_2021,10,1.4100364146930264,,,,,,,,,,,0 actionable events / 0.0 MWh actionable
block_detail,kelmarsh_WT04_2022,8,43.49995031031255,,,,,,,,,,,0 actionable events / 0.0 MWh actionable
block_detail,kelmarsh_WT04_2023,23,55.52943003095409,,,,,,,,,,,11 actionable events / 15.3 MWh actionable
block_detail,kelmarsh_WT04_2024,20,480.2676605567161,,,,,,,,,,,1 actionable events / 3.4 MWh actionable
block_detail,kelmarsh_WT05_2017,13,10.89813016023,,,,,,,,,,,0 actionable events / 0.0 MWh actionable
block_detail,kelmarsh_WT05_2018,8,70.52664265783898,,,,,,,,,,,0 actionable events / 0.0 MWh actionable
block_detail,kelmarsh_WT05_2019,7,3.3947954882084277,,,,,,,,,,,0 actionable events / 0.0 MWh actionable
block_detail,kelmarsh_WT05_2020,15,40.111214110813876,,,,,,,,,,,0 actionable events / 0.0 MWh actionable
block_detail,kelmarsh_WT05_2021,27,300.86345466329624,,,,,,,,,,,0 actionable events / 0.0 MWh actionable
block_detail,kelmarsh_WT05_2022,31,6.885095860015878,,,,,,,,,,,3 actionable events / 0.2 MWh actionable
block_detail,kelmarsh_WT05_2023,183,222.0012574718401,,,,,,,,,,,151 actionable events / 15.6 MWh actionable
block_detail,kelmarsh_WT05_2024,53,76.80382889418688,,,,,,,,,,,0 actionable events / 0.0 MWh actionable
block_detail,kelmarsh_WT06_2016,11,1.0412946978147823,,,,,,,,,,,0 actionable events / 0.0 MWh actionable
block_detail,kelmarsh_WT06_2017,37,57.85482230186523,,,,,,,,,,,0 actionable events / 0.0 MWh actionable
block_detail,kelmarsh_WT06_2018,16,3.151198127911568,,,,,,,,,,,0 actionable events / 0.0 MWh actionable
block_detail,kelmarsh_WT06_2019,6,16.294590835336283,,,,,,,,,,,0 actionable events / 0.0 MWh actionable
block_detail,kelmarsh_WT06_2020,23,16.243930810501915,,,,,,,,,,,0 actionable events / 0.0 MWh actionable
block_detail,kelmarsh_WT06_2021,13,91.07824552320162,,,,,,,,,,,1 actionable events / 0.1 MWh actionable
block_detail,kelmarsh_WT06_2022,16,136.25655310356908,,,,,,,,,,,0 actionable events / 0.0 MWh actionable
block_detail,kelmarsh_WT06_2023,12,1.0983273880576723,,,,,,,,,,,0 actionable events / 0.0 MWh actionable
block_detail,kelmarsh_WT06_2024,17,163.94762951827704,,,,,,,,,,,0 actionable events / 0.0 MWh actionable
block_detail,penmanshiel_WT01_2016,18,21.967524181945333,,,,,,,,,,,0 actionable events / 0.0 MWh actionable
block_detail,penmanshiel_WT01_2017,12,13.804629159866185,,,,,,,,,,,1 actionable events / 0.0 MWh actionable
block_detail,penmanshiel_WT01_2018,6,11.78964864686807,,,,,,,,,,,0 actionable events / 0.0 MWh actionable
block_detail,penmanshiel_WT01_2019,21,162.50184723045524,,,,,,,,,,,0 actionable events / 0.0 MWh actionable
block_detail,penmanshiel_WT01_2020,40,57.45008740126131,,,,,,,,,,,0 actionable events / 0.0 MWh actionable
block_detail,penmanshiel_WT01_2021,9,33.65864563681044,,,,,,,,,,,0 actionable events / 0.0 MWh actionable
block_detail,penmanshiel_WT01_2022,17,81.91120244696232,,,,,,,,,,,1 actionable events / 0.3 MWh actionable
block_detail,penmanshiel_WT01_2023,7,1.3000417948527017,,,,,,,,,,,0 actionable events / 0.0 MWh actionable
block_detail,penmanshiel_WT02_2016,24,115.23443278885999,,,,,,,,,,,0 actionable events / 0.0 MWh actionable
block_detail,penmanshiel_WT02_2017,24,46.40516980681656,,,,,,,,,,,0 actionable events / 0.0 MWh actionable
block_detail,penmanshiel_WT02_2018,34,175.84423415829662,,,,,,,,,,,0 actionable events / 0.0 MWh actionable
block_detail,penmanshiel_WT02_2019,29,6.60926295412309,,,,,,,,,,,0 actionable events / 0.0 MWh actionable
block_detail,penmanshiel_WT02_2020,83,154.246180837481,,,,,,,,,,,4 actionable events / 0.1 MWh actionable
block_detail,penmanshiel_WT02_2021,20,6.484427746564056,,,,,,,,,,,0 actionable events / 0.0 MWh actionable
block_detail,penmanshiel_WT02_2022,57,95.05376712463291,,,,,,,,,,,5 actionable events / 2.3 MWh actionable
block_detail,penmanshiel_WT02_2023,34,35.50633719494812,,,,,,,,,,,1 actionable events / 0.0 MWh actionable
block_detail,penmanshiel_WT04_2016,34,117.69512445476212,,,,,,,,,,,0 actionable events / 0.0 MWh actionable
block_detail,penmanshiel_WT04_2017,10,30.280068899328032,,,,,,,,,,,2 actionable events / 3.4 MWh actionable
block_detail,penmanshiel_WT04_2018,12,21.117190878917533,,,,,,,,,,,0 actionable events / 0.0 MWh actionable
block_detail,penmanshiel_WT04_2019,9,0.47188943559794494,,,,,,,,,,,0 actionable events / 0.0 MWh actionable
block_detail,penmanshiel_WT04_2020,26,29.580472675294523,,,,,,,,,,,0 actionable events / 0.0 MWh actionable
block_detail,penmanshiel_WT04_2021,28,63.83314129313206,,,,,,,,,,,0 actionable events / 0.0 MWh actionable
block_detail,penmanshiel_WT04_2022,12,66.64042868117225,,,,,,,,,,,0 actionable events / 0.0 MWh actionable
block_detail,penmanshiel_WT04_2023,75,267.9017524872747,,,,,,,,,,,26 actionable events / 210.5 MWh actionable
block_detail,penmanshiel_WT05_2016,32,156.64885500199793,,,,,,,,,,,0 actionable events / 0.0 MWh actionable
block_detail,penmanshiel_WT05_2017,11,53.77777041261275,,,,,,,,,,,0 actionable events / 0.0 MWh actionable
block_detail,penmanshiel_WT05_2018,9,2.848062719796658,,,,,,,,,,,0 actionable events / 0.0 MWh actionable
block_detail,penmanshiel_WT05_2019,20,73.25233001158361,,,,,,,,,,,0 actionable events / 0.0 MWh actionable
block_detail,penmanshiel_WT05_2020,16,8.941038187112763,,,,,,,,,,,0 actionable events / 0.0 MWh actionable
block_detail,penmanshiel_WT05_2021,9,0.6783409015340274,,,,,,,,,,,7 actionable events / 0.3 MWh actionable
block_detail,penmanshiel_WT05_2022,59,201.1276863993578,,,,,,,,,,,27 actionable events / 31.8 MWh actionable
block_detail,penmanshiel_WT05_2023,19,25.175598107867927,,,,,,,,,,,0 actionable events / 0.0 MWh actionable
block_detail,penmanshiel_WT06_2016,24,177.2209738558396,,,,,,,,,,,1 actionable events / 0.2 MWh actionable
block_detail,penmanshiel_WT06_2017,30,83.70036474102396,,,,,,,,,,,0 actionable events / 0.0 MWh actionable
block_detail,penmanshiel_WT06_2018,17,191.5670118801891,,,,,,,,,,,0 actionable events / 0.0 MWh actionable
block_detail,penmanshiel_WT06_2019,8,0.805417955773732,,,,,,,,,,,0 actionable events / 0.0 MWh actionable
block_detail,penmanshiel_WT06_2020,27,9.17067973197785,,,,,,,,,,,0 actionable events / 0.0 MWh actionable
block_detail,penmanshiel_WT06_2021,19,42.06252438436017,,,,,,,,,,,0 actionable events / 0.0 MWh actionable
block_detail,penmanshiel_WT06_2022,28,3.9786410436392354,,,,,,,,,,,8 actionable events / 1.9 MWh actionable
block_detail,penmanshiel_WT06_2023,26,191.36959772617473,,,,,,,,,,,1 actionable events / 9.4 MWh actionable
block_detail,penmanshiel_WT07_2016,18,0.7588597449835144,,,,,,,,,,,0 actionable events / 0.0 MWh actionable
block_detail,penmanshiel_WT07_2017,14,59.556766863691,,,,,,,,,,,4 actionable events / 16.0 MWh actionable
block_detail,penmanshiel_WT07_2018,4,0.9189389221191406,,,,,,,,,,,0 actionable events / 0.0 MWh actionable
block_detail,penmanshiel_WT07_2019,15,34.64353332125827,,,,,,,,,,,0 actionable events / 0.0 MWh actionable
block_detail,penmanshiel_WT07_2020,23,75.90794058701321,,,,,,,,,,,0 actionable events / 0.0 MWh actionable
block_detail,penmanshiel_WT07_2021,9,85.82195948560735,,,,,,,,,,,1 actionable events / 0.0 MWh actionable
block_detail,penmanshiel_WT07_2022,26,92.70434191192481,,,,,,,,,,,8 actionable events / 49.6 MWh actionable
block_detail,penmanshiel_WT07_2023,23,150.9087770320548,,,,,,,,,,,6 actionable events / 128.5 MWh actionable
block_detail,penmanshiel_WT08_2016,15,1.3907240343332308,,,,,,,,,,,0 actionable events / 0.0 MWh actionable
block_detail,penmanshiel_WT08_2017,11,4.977260260378518,,,,,,,,,,,0 actionable events / 0.0 MWh actionable
block_detail,penmanshiel_WT08_2018,14,3.785542242293325,,,,,,,,,,,0 actionable events / 0.0 MWh actionable
block_detail,penmanshiel_WT08_2019,38,55.665450013311506,,,,,,,,,,,0 actionable events / 0.0 MWh actionable
block_detail,penmanshiel_WT08_2020,29,32.84306177442651,,,,,,,,,,,0 actionable events / 0.0 MWh actionable
block_detail,penmanshiel_WT08_2021,15,10.369979754582225,,,,,,,,,,,0 actionable events / 0.0 MWh actionable
block_detail,penmanshiel_WT08_2022,149,65.23121769489595,,,,,,,,,,,110 actionable events / 0.1 MWh actionable
block_detail,penmanshiel_WT08_2023,56,66.86778238982436,,,,,,,,,,,0 actionable events / 0.0 MWh actionable
block_detail,penmanshiel_WT09_2016,34,13.327373175647256,,,,,,,,,,,0 actionable events / 0.0 MWh actionable
block_detail,penmanshiel_WT09_2017,28,7.360386982752478,,,,,,,,,,,0 actionable events / 0.0 MWh actionable
block_detail,penmanshiel_WT09_2018,19,4.327267083628973,,,,,,,,,,,0 actionable events / 0.0 MWh actionable
block_detail,penmanshiel_WT09_2019,10,7.027244854343879,,,,,,,,,,,0 actionable events / 0.0 MWh actionable
block_detail,penmanshiel_WT09_2020,32,58.73433414855004,,,,,,,,,,,1 actionable events / 4.9 MWh actionable
block_detail,penmanshiel_WT09_2021,12,0.5057316569287995,,,,,,,,,,,5 actionable events / 0.0 MWh actionable
block_detail,penmanshiel_WT09_2022,13,82.03152376934196,,,,,,,,,,,0 actionable events / 0.0 MWh actionable
block_detail,penmanshiel_WT09_2023,39,17.08049162198989,,,,,,,,,,,1 actionable events / 0.3 MWh actionable
block_detail,penmanshiel_WT10_2016,24,20.41036442538182,,,,,,,,,,,0 actionable events / 0.0 MWh actionable
block_detail,penmanshiel_WT10_2017,8,1.3326328922986983,,,,,,,,,,,0 actionable events / 0.0 MWh actionable
block_detail,penmanshiel_WT10_2018,14,22.894249353906805,,,,,,,,,,,0 actionable events / 0.0 MWh actionable
block_detail,penmanshiel_WT10_2019,5,0.0,,,,,,,,,,,0 actionable events / 0.0 MWh actionable
block_detail,penmanshiel_WT10_2020,23,13.713980652978476,,,,,,,,,,,0 actionable events / 0.0 MWh actionable
block_detail,penmanshiel_WT10_2021,9,0.5138636922703249,,,,,,,,,,,0 actionable events / 0.0 MWh actionable
block_detail,penmanshiel_WT10_2022,8,30.133896747710768,,,,,,,,,,,0 actionable events / 0.0 MWh actionable
block_detail,penmanshiel_WT10_2023,17,512.786212881834,,,,,,,,,,,0 actionable events / 0.0 MWh actionable
block_detail,penmanshiel_WT11_2016,14,1.7076360725625352,,,,,,,,,,,1 actionable events / 0.1 MWh actionable
block_detail,penmanshiel_WT11_2017,21,69.60514448750337,,,,,,,,,,,2 actionable events / 42.9 MWh actionable
block_detail,penmanshiel_WT11_2018,12,43.43271178070013,,,,,,,,,,,0 actionable events / 0.0 MWh actionable
block_detail,penmanshiel_WT11_2019,28,3.049898236692046,,,,,,,,,,,0 actionable events / 0.0 MWh actionable
block_detail,penmanshiel_WT11_2020,59,47.15533084754081,,,,,,,,,,,0 actionable events / 0.0 MWh actionable
block_detail,penmanshiel_WT11_2021,67,116.46969149522474,,,,,,,,,,,0 actionable events / 0.0 MWh actionable
block_detail,penmanshiel_WT11_2022,118,706.4562153419887,,,,,,,,,,,39 actionable events / 0.3 MWh actionable
block_detail,penmanshiel_WT11_2023,18,59.28275636624901,,,,,,,,,,,4 actionable events / 22.5 MWh actionable
block_detail,penmanshiel_WT11_2024,20,59.09005331926028,,,,,,,,,,,0 actionable events / 0.0 MWh actionable
block_detail,penmanshiel_WT12_2016,13,2.140530102914175,,,,,,,,,,,0 actionable events / 0.0 MWh actionable
block_detail,penmanshiel_WT12_2017,5,5.0041439712905875,,,,,,,,,,,0 actionable events / 0.0 MWh actionable
block_detail,penmanshiel_WT12_2018,26,21.208219077991647,,,,,,,,,,,0 actionable events / 0.0 MWh actionable
block_detail,penmanshiel_WT12_2019,33,29.542549295437126,,,,,,,,,,,0 actionable events / 0.0 MWh actionable
block_detail,penmanshiel_WT12_2020,28,37.22251298924714,,,,,,,,,,,4 actionable events / 8.3 MWh actionable
block_detail,penmanshiel_WT12_2021,152,5.786203081062058,,,,,,,,,,,137 actionable events / 1.1 MWh actionable
block_detail,penmanshiel_WT12_2022,57,54.90774265540238,,,,,,,,,,,7 actionable events / 0.0 MWh actionable
block_detail,penmanshiel_WT12_2023,52,87.07070741970621,,,,,,,,,,,3 actionable events / 0.8 MWh actionable
block_detail,penmanshiel_WT12_2024,49,197.60981757468022,,,,,,,,,,,0 actionable events / 0.0 MWh actionable
block_detail,penmanshiel_WT13_2016,17,2.453118501386642,,,,,,,,,,,0 actionable events / 0.0 MWh actionable
block_detail,penmanshiel_WT13_2017,22,56.00499920648895,,,,,,,,,,,0 actionable events / 0.0 MWh actionable
block_detail,penmanshiel_WT13_2018,18,9.279568611136915,,,,,,,,,,,0 actionable events / 0.0 MWh actionable
block_detail,penmanshiel_WT13_2019,18,9.56030155887455,,,,,,,,,,,0 actionable events / 0.0 MWh actionable
block_detail,penmanshiel_WT13_2020,47,51.751847099352325,,,,,,,,,,,0 actionable events / 0.0 MWh actionable
block_detail,penmanshiel_WT13_2021,25,93.47537976895592,,,,,,,,,,,14 actionable events / 26.8 MWh actionable
block_detail,penmanshiel_WT13_2022,23,130.81416130533518,,,,,,,,,,,1 actionable events / 21.7 MWh actionable
block_detail,penmanshiel_WT13_2023,17,36.6093896683972,,,,,,,,,,,0 actionable events / 0.0 MWh actionable
block_detail,penmanshiel_WT13_2024,6,9.596619098479575,,,,,,,,,,,0 actionable events / 0.0 MWh actionable
block_detail,penmanshiel_WT14_2016,17,2.9641727590258915,,,,,,,,,,,0 actionable events / 0.0 MWh actionable
block_detail,penmanshiel_WT14_2017,11,0.8901589798355105,,,,,,,,,,,0 actionable events / 0.0 MWh actionable
block_detail,penmanshiel_WT14_2018,20,11.558733994195586,,,,,,,,,,,0 actionable events / 0.0 MWh actionable
block_detail,penmanshiel_WT14_2019,13,31.049480393243332,,,,,,,,,,,0 actionable events / 0.0 MWh actionable
block_detail,penmanshiel_WT14_2020,21,55.60880391037402,,,,,,,,,,,0 actionable events / 0.0 MWh actionable
block_detail,penmanshiel_WT14_2021,5,44.67622923830868,,,,,,,,,,,0 actionable events / 0.0 MWh actionable
block_detail,penmanshiel_WT14_2022,20,47.37394425047489,,,,,,,,,,,0 actionable events / 0.0 MWh actionable
block_detail,penmanshiel_WT14_2023,29,1.1800105655432747,,,,,,,,,,,10 actionable events / 0.0 MWh actionable
block_detail,penmanshiel_WT14_2024,4,37.288741831184396,,,,,,,,,,,0 actionable events / 0.0 MWh actionable
block_detail,penmanshiel_WT15_2016,24,2.001457795769375,,,,,,,,,,,0 actionable events / 0.0 MWh actionable
block_detail,penmanshiel_WT15_2017,7,6.734476403654419,,,,,,,,,,,0 actionable events / 0.0 MWh actionable
block_detail,penmanshiel_WT15_2018,22,4.980730471341197,,,,,,,,,,,0 actionable events / 0.0 MWh actionable
block_detail,penmanshiel_WT15_2019,5,9.65777006130082,,,,,,,,,,,0 actionable events / 0.0 MWh actionable
block_detail,penmanshiel_WT15_2020,50,30.666991899785298,,,,,,,,,,,0 actionable events / 0.0 MWh actionable
block_detail,penmanshiel_WT15_2021,38,51.64072937312818,,,,,,,,,,,13 actionable events / 2.6 MWh actionable
block_detail,penmanshiel_WT15_2022,33,65.76994513852105,,,,,,,,,,,0 actionable events / 0.0 MWh actionable
block_detail,penmanshiel_WT15_2023,42,80.8764251307338,,,,,,,,,,,1 actionable events / 8.0 MWh actionable
block_detail,penmanshiel_WT15_2024,61,187.98594956899146,,,,,,,,,,,10 actionable events / 55.4 MWh actionable
