event_id,farm,turbine,start,duration_h,lost_energy_mwh,planned_charge_mwh_p50,planned_charge_mwh_p75,recoverable_mwh_p50,recoverable_mwh_p75,clipped_p50,clipped_p75,zero_energy
3,kelmarsh,K01,2016-04-25 16:24:06,24.137778,19.04927,0.62416,1.600031,18.425111,17.449239,False,False,False
57,kelmarsh,K01,2019-03-15 12:13:36,0.261111,0.341007,1.620066,4.153035,0.0,0.0,True,True,False
77,kelmarsh,K01,2020-05-25 15:29:33,0.021111,0.13351,0.634285,1.625988,0.0,0.0,True,True,False
78,kelmarsh,K01,2020-08-22 09:01:05,0.096111,0.0,0.0,0.0,0.0,0.0,False,False,True
107,kelmarsh,K01,2021-12-19 10:30:20,0.053889,0.0,0.0,0.0,0.0,0.0,False,False,True
108,kelmarsh,K01,2021-12-19 10:35:06,0.108333,0.014987,0.082874,0.212448,0.0,0.0,True,True,False
109,kelmarsh,K01,2021-12-19 10:50:24,1.110556,0.0,0.0,0.0,0.0,0.0,False,False,True
110,kelmarsh,K01,2021-12-22 02:11:11,0.072222,0.0,0.0,0.0,0.0,0.0,False,False,True
111,kelmarsh,K01,2021-12-22 02:41:35,0.0325,0.0,0.0,0.0,0.0,0.0,False,False,True
120,kelmarsh,K01,2022-02-04 21:51:39,0.030278,0.0,0.0,0.0,0.0,0.0,False,False,True
132,kelmarsh,K01,2022-03-23 10:15:50,0.077222,0.0,0.0,0.0,0.0,0.0,False,False,True
133,kelmarsh,K01,2022-03-23 16:52:52,0.055833,0.0,0.0,0.0,0.0,0.0,False,False,True
134,kelmarsh,K01,2022-03-24 00:05:21,0.467222,0.0,0.0,0.0,0.0,0.0,False,False,True
135,kelmarsh,K01,2022-03-24 01:40:00,0.049167,0.0,0.0,0.0,0.0,0.0,False,False,True
136,kelmarsh,K01,2022-03-24 02:45:01,0.040278,0.0,0.0,0.0,0.0,0.0,False,False,True
137,kelmarsh,K01,2022-03-24 03:48:23,0.471667,0.0,0.0,0.0,0.0,0.0,False,False,True
138,kelmarsh,K01,2022-03-24 04:19:59,0.019167,0.0,0.0,0.0,0.0,0.0,False,False,True
139,kelmarsh,K01,2022-03-24 05:22:31,0.030833,0.0,0.0,0.0,0.0,0.0,False,False,True
140,kelmarsh,K01,2022-03-24 06:25:38,0.025278,0.0,0.0,0.0,0.0,0.0,False,False,True
141,kelmarsh,K01,2022-03-24 07:29:17,0.239167,0.0,0.0,0.0,0.0,0.0,False,False,True
142,kelmarsh,K01,2022-03-24 08:33:54,0.058611,0.0,0.0,0.0,0.0,0.0,False,False,True
143,kelmarsh,K01,2022-03-24 09:39:41,0.530278,0.0,0.0,0.0,0.0,0.0,False,False,True
144,kelmarsh,K01,2022-03-24 12:40:47,0.030278,0.0,0.0,0.0,0.0,0.0,False,False,True
145,kelmarsh,K01,2022-03-25 02:09:44,0.209444,0.000854,0.002028,0.005198,0.0,0.0,True,True,False
146,kelmarsh,K01,2022-03-25 03:18:40,0.025278,0.0,0.0,0.0,0.0,0.0,False,False,True
147,kelmarsh,K01,2022-03-25 05:23:57,0.083056,0.0,0.0,0.0,0.0,0.0,False,False,True
148,kelmarsh,K01,2022-03-25 07:33:19,0.045833,0.0,0.0,0.0,0.0,0.0,False,False,True
149,kelmarsh,K01,2022-03-25 08:37:59,0.271111,0.0,0.0,0.0,0.0,0.0,False,False,True
150,kelmarsh,K01,2022-03-25 14:24:48,0.03,0.0,0.0,0.0,0.0,0.0,False,False,True
151,kelmarsh,K01,2022-03-26 05:00:21,0.030278,0.0,0.0,0.0,0.0,0.0,False,False,True
152,kelmarsh,K01,2022-03-26 22:28:57,0.030278,0.008876,0.083876,0.215015,0.0,0.0,True,True,False
153,kelmarsh,K01,2022-03-27 11:45:50,0.030278,0.0,0.0,0.0,0.0,0.0,False,False,True
154,kelmarsh,K01,2022-03-27 17:02:02,0.030278,0.0,0.0,0.0,0.0,0.0,False,False,True
155,kelmarsh,K01,2022-03-28 01:28:41,0.03,0.0,0.0,0.0,0.0,0.0,False,False,True
156,kelmarsh,K01,2022-03-28 02:35:19,0.025278,0.0,0.0,0.0,0.0,0.0,False,False,True
160,kelmarsh,K01,2022-04-07 13:43:00,0.028056,0.0,0.0,0.0,0.0,0.0,False,False,True
161,kelmarsh,K01,2022-04-07 14:22:42,0.028056,0.0,0.0,0.0,0.0,0.0,False,False,True
162,kelmarsh,K01,2022-04-10 05:05:58,0.025278,0.0,0.0,0.0,0.0,0.0,False,False,True
163,kelmarsh,K01,2022-04-10 05:09:07,0.020278,0.0,0.0,0.0,0.0,0.0,False,False,True
164,kelmarsh,K01,2022-04-10 05:14:39,0.028056,0.0,0.0,0.0,0.0,0.0,False,False,True
165,kelmarsh,K01,2022-04-10 05:20:27,0.154167,0.0,0.0,0.0,0.0,0.0,False,False,True
166,kelmarsh,K01,2022-04-12 10:19:07,0.025278,0.0,0.0,0.0,0.0,0.0,False,False,True
167,kelmarsh,K01,2022-04-12 10:53:21,0.045833,0.0,0.0,0.0,0.0,0.0,False,False,True
168,kelmarsh,K01,2022-04-12 11:00:53,0.036111,0.0,0.0,0.0,0.0,0.0,False,False,True
169,kelmarsh,K01,2022-04-12 13:17:37,0.030278,0.0,0.0,0.0,0.0,0.0,False,False,True
170,kelmarsh,K01,2022-04-12 14:19:20,0.030556,0.031542,0.196799,0.504495,0.0,0.0,True,True,False
171,kelmarsh,K01,2022-04-14 06:50:22,0.025278,0.0,0.0,0.0,0.0,0.0,False,False,True
172,kelmarsh,K01,2022-04-14 06:53:59,0.020556,0.0,0.0,0.0,0.0,0.0,False,False,True
173,kelmarsh,K01,2022-04-14 06:58:50,0.041667,0.0,0.0,0.0,0.0,0.0,False,False,True
174,kelmarsh,K01,2022-04-14 07:02:51,0.025278,0.0,0.0,0.0,0.0,0.0,False,False,True
175,kelmarsh,K01,2022-04-14 07:05:27,0.0375,0.0,0.0,0.0,0.0,0.0,False,False,True
176,kelmarsh,K01,2022-04-14 07:12:17,0.666944,0.0,0.0,0.0,0.0,0.0,False,False,True
177,kelmarsh,K01,2022-04-15 02:59:32,0.036944,0.0,0.0,0.0,0.0,0.0,False,False,True
178,kelmarsh,K01,2022-04-15 03:03:04,0.035,0.0,0.0,0.0,0.0,0.0,False,False,True
179,kelmarsh,K01,2022-04-15 06:55:00,0.018611,0.0,0.0,0.0,0.0,0.0,False,False,True
180,kelmarsh,K01,2022-04-15 11:09:01,0.036111,0.0,0.0,0.0,0.0,0.0,False,False,True
181,kelmarsh,K01,2022-04-15 12:50:00,0.027778,0.0,0.0,0.0,0.0,0.0,False,False,True
182,kelmarsh,K01,2022-04-15 13:01:40,0.423056,0.0,0.0,0.0,0.0,0.0,False,False,True
183,kelmarsh,K01,2022-04-16 18:44:42,0.114444,0.029626,0.140748,0.360807,0.0,0.0,True,True,False
206,kelmarsh,K01,2023-12-24 09:18:21,0.095556,0.317603,1.621852,4.157614,0.0,0.0,True,True,False
284,kelmarsh,K02,2019-03-15 12:13:25,0.094444,0.0,0.0,0.0,0.0,0.0,False,False,True
371,kelmarsh,K02,2023-04-12 12:06:27,0.262222,0.670642,1.593054,4.083789,0.0,0.0,True,True,False
393,kelmarsh,K02,2024-01-24 00:50:46,0.260833,0.340282,1.616621,4.144205,0.0,0.0,True,True,False
394,kelmarsh,K02,2024-01-24 01:09:30,0.3225,0.680563,1.616621,4.144205,0.0,0.0,True,True,False
395,kelmarsh,K02,2024-01-24 02:03:15,0.258333,0.340456,1.61745,4.14633,0.0,0.0,True,True,False
623,kelmarsh,K04,2023-02-10 19:46:05,0.289444,0.631308,1.589793,4.075432,0.0,0.0,True,True,False
624,kelmarsh,K04,2023-02-10 20:16:56,13.226944,11.288739,0.671668,1.721819,10.617071,9.566919,False,False,False
630,kelmarsh,K04,2023-07-24 01:19:57,0.062778,0.030296,0.169803,0.435289,0.0,0.0,True,True,False
631,kelmarsh,K04,2023-07-26 19:27:24,0.137778,0.115159,0.5471,1.40249,0.0,0.0,True,True,False
632,kelmarsh,K04,2023-07-29 06:30:00,0.94,0.0,0.0,0.0,0.0,0.0,False,False,True
633,kelmarsh,K04,2023-07-30 18:14:02,0.439444,0.044203,0.299374,0.767445,0.0,0.0,True,True,False
634,kelmarsh,K04,2023-08-02 01:24:28,0.043333,0.0,0.0,0.0,0.0,0.0,False,False,True
635,kelmarsh,K04,2023-08-02 01:28:22,0.036389,0.042091,0.362926,0.93036,0.0,0.0,True,True,False
636,kelmarsh,K04,2023-08-02 21:14:48,0.555278,0.0,0.0,0.0,0.0,0.0,False,False,True
637,kelmarsh,K04,2023-08-05 06:09:01,0.174167,0.0,0.0,0.0,0.0,0.0,False,False,True
640,kelmarsh,K04,2023-08-30 14:26:37,4.335278,3.110423,0.56835,1.456964,2.542073,1.653459,False,False,False
659,kelmarsh,K04,2024-03-18 05:44:02,8.058889,3.354061,0.331971,0.851006,3.022091,2.503056,False,False,False
759,kelmarsh,K05,2022-02-17 01:45:51,0.095556,0.223004,1.618854,4.149929,0.0,0.0,True,True,False
767,kelmarsh,K05,2022-03-07 21:07:06,0.030278,0.0,0.0,0.0,0.0,0.0,False,False,True
768,kelmarsh,K05,2022-03-07 21:11:10,0.459167,0.0,0.0,0.0,0.0,0.0,False,False,True
786,kelmarsh,K05,2023-01-05 07:52:50,0.151667,0.052795,0.381718,0.978534,0.0,0.0,True,True,False
787,kelmarsh,K05,2023-01-06 17:16:30,0.029722,0.0,0.0,0.0,0.0,0.0,False,False,True
789,kelmarsh,K05,2023-02-01 16:19:57,0.032778,0.034325,0.260105,0.666778,0.0,0.0,True,True,False
790,kelmarsh,K05,2023-02-02 04:01:31,0.071667,0.0,0.0,0.0,0.0,0.0,False,False,True
791,kelmarsh,K05,2023-02-02 05:39:05,0.030278,0.021556,0.25321,0.649103,0.0,0.0,True,True,False
792,kelmarsh,K05,2023-02-02 12:00:43,0.03,0.0,0.0,0.0,0.0,0.0,False,False,True
793,kelmarsh,K05,2023-02-02 13:02:59,0.030278,0.0,0.0,0.0,0.0,0.0,False,False,True
794,kelmarsh,K05,2023-02-02 16:28:37,0.030278,0.096226,0.792507,2.03159,0.0,0.0,True,True,False
795,kelmarsh,K05,2023-02-03 10:38:30,0.030278,0.028876,0.246199,0.631132,0.0,0.0,True,True,False
796,kelmarsh,K05,2023-02-03 14:02:51,0.030278,0.0,0.0,0.0,0.0,0.0,False,False,True
797,kelmarsh,K05,2023-02-03 17:08:55,0.109444,0.0,0.0,0.0,0.0,0.0,False,False,True
798,kelmarsh,K05,2023-02-03 19:18:04,0.030278,0.0,0.0,0.0,0.0,0.0,False,False,True
799,kelmarsh,K05,2023-02-03 20:24:36,0.030278,0.0,0.0,0.0,0.0,0.0,False,False,True
800,kelmarsh,K05,2023-02-03 21:33:02,0.030278,0.0,0.0,0.0,0.0,0.0,False,False,True
801,kelmarsh,K05,2023-02-04 00:47:43,0.031389,0.0,0.0,0.0,0.0,0.0,False,False,True
802,kelmarsh,K05,2023-02-04 01:50:19,0.030278,0.0,0.0,0.0,0.0,0.0,False,False,True
803,kelmarsh,K05,2023-02-04 02:52:14,0.292778,0.0,0.0,0.0,0.0,0.0,False,False,True
804,kelmarsh,K05,2023-02-04 03:54:19,0.058056,0.0,0.0,0.0,0.0,0.0,False,False,True
805,kelmarsh,K05,2023-02-04 04:58:37,0.030278,0.080601,0.54061,1.385854,0.0,0.0,True,True,False
806,kelmarsh,K05,2023-02-04 08:05:08,0.237778,0.042679,0.202762,0.519779,0.0,0.0,True,True,False
807,kelmarsh,K05,2023-02-04 11:22:41,0.032778,0.0,0.0,0.0,0.0,0.0,False,False,True
808,kelmarsh,K05,2023-02-04 14:35:03,0.030278,0.0,0.0,0.0,0.0,0.0,False,False,True
809,kelmarsh,K05,2023-02-04 16:38:38,0.030278,0.013083,0.112777,0.289103,0.0,0.0,True,True,False
810,kelmarsh,K05,2023-02-04 17:40:54,0.030278,0.0,0.0,0.0,0.0,0.0,False,False,True
811,kelmarsh,K05,2023-02-04 18:43:28,0.251389,0.0,0.0,0.0,0.0,0.0,False,False,True
812,kelmarsh,K05,2023-02-04 19:45:08,0.033333,0.0,0.0,0.0,0.0,0.0,False,False,True
813,kelmarsh,K05,2023-02-04 23:18:53,0.030278,0.045144,0.348367,0.893037,0.0,0.0,True,True,False
814,kelmarsh,K05,2023-02-05 23:14:45,0.025278,0.0,0.0,0.0,0.0,0.0,False,False,True
815,kelmarsh,K05,2023-02-06 00:36:13,0.018889,0.0,0.0,0.0,0.0,0.0,False,False,True
816,kelmarsh,K05,2023-02-06 00:41:54,0.019444,0.0,0.0,0.0,0.0,0.0,False,False,True
817,kelmarsh,K05,2023-02-06 14:56:46,0.030278,0.0,0.0,0.0,0.0,0.0,False,False,True
818,kelmarsh,K05,2023-02-06 19:12:39,0.030278,0.0,0.0,0.0,0.0,0.0,False,False,True
819,kelmarsh,K05,2023-02-07 16:06:45,0.025278,0.0,0.0,0.0,0.0,0.0,False,False,True
820,kelmarsh,K05,2023-02-10 14:32:42,0.039444,0.0,0.0,0.0,0.0,0.0,False,False,True
821,kelmarsh,K05,2023-02-10 15:35:40,0.030278,0.0,0.0,0.0,0.0,0.0,False,False,True
822,kelmarsh,K05,2023-02-10 22:55:22,0.030278,0.0,0.0,0.0,0.0,0.0,False,False,True
823,kelmarsh,K05,2023-02-10 23:57:10,0.036667,0.0,0.0,0.0,0.0,0.0,False,False,True
824,kelmarsh,K05,2023-02-11 00:59:12,0.030278,0.006254,0.097457,0.249832,0.0,0.0,True,True,False
825,kelmarsh,K05,2023-02-11 02:00:37,0.073056,0.0,0.0,0.0,0.0,0.0,False,False,True
826,kelmarsh,K05,2023-02-11 03:05:43,0.304444,0.003384,0.020301,0.052042,0.0,0.0,True,True,False
827,kelmarsh,K05,2023-02-11 04:09:06,0.036667,0.030573,0.246175,0.631068,0.0,0.0,True,True,False
828,kelmarsh,K05,2023-02-11 05:12:05,0.030278,0.0,0.0,0.0,0.0,0.0,False,False,True
829,kelmarsh,K05,2023-02-11 07:15:52,1.412778,0.357367,0.195746,0.501793,0.161621,0.0,False,True,False
830,kelmarsh,K05,2023-02-11 09:20:44,0.030278,0.0,0.0,0.0,0.0,0.0,False,False,True
831,kelmarsh,K05,2023-02-11 23:32:09,0.465556,0.0,0.0,0.0,0.0,0.0,False,False,True
832,kelmarsh,K05,2023-02-12 01:20:24,0.018333,0.0,0.0,0.0,0.0,0.0,False,False,True
833,kelmarsh,K05,2023-02-12 20:45:56,0.030278,0.0,0.0,0.0,0.0,0.0,False,False,True
834,kelmarsh,K05,2023-02-12 23:51:30,0.030278,0.0,0.0,0.0,0.0,0.0,False,False,True
835,kelmarsh,K05,2023-02-13 16:58:11,0.030278,0.015468,0.138329,0.354607,0.0,0.0,True,True,False
836,kelmarsh,K05,2023-02-13 20:03:53,0.030278,0.0,0.0,0.0,0.0,0.0,False,False,True
837,kelmarsh,K05,2023-02-13 21:06:23,0.030278,0.0,0.0,0.0,0.0,0.0,False,False,True
838,kelmarsh,K05,2023-02-14 17:01:44,0.030278,0.0,0.0,0.0,0.0,0.0,False,False,True
839,kelmarsh,K05,2023-02-14 22:11:31,1.145556,0.002647,0.014952,0.038331,0.0,0.0,True,True,False
840,kelmarsh,K05,2023-02-15 02:25:15,0.030278,0.0,0.0,0.0,0.0,0.0,False,False,True
841,kelmarsh,K05,2023-02-15 11:33:02,0.029722,0.0,0.0,0.0,0.0,0.0,False,False,True
842,kelmarsh,K05,2023-02-15 12:35:18,0.030278,0.0,0.0,0.0,0.0,0.0,False,False,True
843,kelmarsh,K05,2023-02-15 17:42:32,0.058611,0.0,0.0,0.0,0.0,0.0,False,False,True
844,kelmarsh,K05,2023-02-15 18:54:52,0.030278,0.0,0.0,0.0,0.0,0.0,False,False,True
845,kelmarsh,K05,2023-02-16 12:54:25,0.030278,0.0,0.0,0.0,0.0,0.0,False,False,True
846,kelmarsh,K05,2023-02-16 13:56:27,0.030278,0.0,0.0,0.0,0.0,0.0,False,False,True
847,kelmarsh,K05,2023-02-16 14:57:42,0.056944,0.087528,0.75085,1.924803,0.0,0.0,True,True,False
848,kelmarsh,K05,2023-02-17 13:00:14,0.030278,0.0,0.0,0.0,0.0,0.0,False,False,True
849,kelmarsh,K05,2023-02-17 16:05:12,0.030278,0.0,0.0,0.0,0.0,0.0,False,False,True
850,kelmarsh,K05,2023-02-17 17:07:03,0.030278,0.0,0.0,0.0,0.0,0.0,False,False,True
851,kelmarsh,K05,2023-02-18 15:19:49,0.030278,0.047292,0.351189,0.900271,0.0,0.0,True,True,False
852,kelmarsh,K05,2023-02-18 21:28:56,0.030278,0.081268,0.663697,1.701387,0.0,0.0,True,True,False
853,kelmarsh,K05,2023-02-19 09:08:24,0.031111,0.009905,0.144957,0.371598,0.0,0.0,True,True,False
854,kelmarsh,K05,2023-02-19 11:38:02,0.030278,0.0,0.0,0.0,0.0,0.0,False,False,True
855,kelmarsh,K05,2023-02-19 13:25:09,0.030278,0.0,0.0,0.0,0.0,0.0,False,False,True
856,kelmarsh,K05,2023-02-19 16:31:37,0.030278,0.0,0.0,0.0,0.0,0.0,False,False,True
857,kelmarsh,K05,2023-02-20 13:15:38,0.030278,0.0,0.0,0.0,0.0,0.0,False,False,True
858,kelmarsh,K05,2023-02-20 18:26:33,0.030278,0.0,0.0,0.0,0.0,0.0,False,False,True
859,kelmarsh,K05,2023-02-20 19:27:57,0.03,0.0,0.0,0.0,0.0,0.0,False,False,True
860,kelmarsh,K05,2023-02-20 22:54:20,0.030278,0.0,0.0,0.0,0.0,0.0,False,False,True
861,kelmarsh,K05,2023-02-20 23:55:43,0.030278,0.0,0.0,0.0,0.0,0.0,False,False,True
862,kelmarsh,K05,2023-02-21 04:04:04,0.033889,0.0,0.0,0.0,0.0,0.0,False,False,True
863,kelmarsh,K05,2023-02-21 05:06:34,0.030278,0.0,0.0,0.0,0.0,0.0,False,False,True
864,kelmarsh,K05,2023-02-21 06:08:38,0.030278,0.007882,0.067212,0.172299,0.0,0.0,True,True,False
865,kelmarsh,K05,2023-02-21 10:26:24,0.285,0.0,0.0,0.0,0.0,0.0,False,False,True
866,kelmarsh,K05,2023-02-21 13:05:13,0.030278,0.0,0.0,0.0,0.0,0.0,False,False,True
867,kelmarsh,K05,2023-02-21 14:06:24,0.250278,0.036945,0.120136,0.307968,0.0,0.0,True,True,False
868,kelmarsh,K05,2023-02-21 15:48:51,0.030278,0.013524,0.183783,0.471126,0.0,0.0,True,True,False
869,kelmarsh,K05,2023-02-21 16:50:30,0.032778,0.0,0.0,0.0,0.0,0.0,False,False,True
870,kelmarsh,K05,2023-02-21 19:08:00,0.030278,0.0,0.0,0.0,0.0,0.0,False,False,True
871,kelmarsh,K05,2023-02-21 21:11:39,0.030278,0.0,0.0,0.0,0.0,0.0,False,False,True
872,kelmarsh,K05,2023-02-21 23:15:03,4.608333,1.297403,0.222857,0.571294,1.074546,0.726109,False,False,False
873,kelmarsh,K05,2023-02-22 09:38:11,0.030278,0.029227,0.218758,0.560785,0.0,0.0,True,True,False
874,kelmarsh,K05,2023-02-22 10:39:51,0.054722,0.010074,0.057592,0.147637,0.0,0.0,True,True,False
875,kelmarsh,K05,2023-02-24 10:13:18,0.030278,0.0,0.0,0.0,0.0,0.0,False,False,True
876,kelmarsh,K05,2023-02-24 11:14:47,0.030278,0.0,0.0,0.0,0.0,0.0,False,False,True
877,kelmarsh,K05,2023-02-24 12:41:47,0.030278,0.0,0.0,0.0,0.0,0.0,False,False,True
878,kelmarsh,K05,2023-02-24 16:47:30,0.030278,0.0,0.0,0.0,0.0,0.0,False,False,True
882,kelmarsh,K05,2023-03-12 11:48:28,0.03,0.077931,0.620132,1.589707,0.0,0.0,True,True,False
883,kelmarsh,K05,2023-03-13 19:07:25,0.03,0.0,0.0,0.0,0.0,0.0,False,False,True
884,kelmarsh,K05,2023-03-13 20:09:32,0.030278,0.168418,1.260624,3.231606,0.0,0.0,True,True,False
885,kelmarsh,K05,2023-03-13 22:18:40,0.030278,0.171836,1.192508,3.056991,0.0,0.0,True,True,False
886,kelmarsh,K05,2023-03-16 05:15:19,0.030278,0.0,0.0,0.0,0.0,0.0,False,False,True
887,kelmarsh,K05,2023-03-16 07:34:25,0.030278,0.0,0.0,0.0,0.0,0.0,False,False,True
888,kelmarsh,K05,2023-03-16 09:39:28,0.030278,0.101985,0.853631,2.188281,0.0,0.0,True,True,False
889,kelmarsh,K05,2023-03-16 10:40:45,0.08,0.0,0.0,0.0,0.0,0.0,False,False,True
890,kelmarsh,K05,2023-03-16 11:47:13,0.030278,0.0,0.0,0.0,0.0,0.0,False,False,True
891,kelmarsh,K05,2023-03-16 13:51:53,0.03,0.0,0.0,0.0,0.0,0.0,False,False,True
892,kelmarsh,K05,2023-03-16 15:14:35,0.030278,0.0,0.0,0.0,0.0,0.0,False,False,True
893,kelmarsh,K05,2023-03-16 17:30:09,14.223056,6.78324,0.379791,0.973593,6.40345,5.809648,False,False,False
894,kelmarsh,K05,2023-03-17 08:32:23,0.037222,0.0,0.0,0.0,0.0,0.0,False,False,True
895,kelmarsh,K05,2023-03-17 10:36:15,0.030278,0.0,0.0,0.0,0.0,0.0,False,False,True
896,kelmarsh,K05,2023-03-17 12:52:56,0.03,0.0,0.0,0.0,0.0,0.0,False,False,True
897,kelmarsh,K05,2023-03-17 13:54:17,0.071389,0.0,0.0,0.0,0.0,0.0,False,False,True
898,kelmarsh,K05,2023-03-17 15:03:40,0.030278,0.0,0.0,0.0,0.0,0.0,False,False,True
899,kelmarsh,K05,2023-03-17 16:51:32,0.030278,0.0,0.0,0.0,0.0,0.0,False,False,True
900,kelmarsh,K05,2023-03-17 17:52:40,0.258611,0.0,0.0,0.0,0.0,0.0,False,False,True
901,kelmarsh,K05,2023-03-17 18:54:45,0.030278,0.0,0.0,0.0,0.0,0.0,False,False,True
902,kelmarsh,K05,2023-03-17 19:56:55,0.030556,0.0,0.0,0.0,0.0,0.0,False,False,True
903,kelmarsh,K05,2023-03-17 20:58:49,0.259167,0.014721,0.034969,0.089644,0.0,0.0,True,True,False
904,kelmarsh,K05,2023-03-17 22:00:40,0.054444,0.0,0.0,0.0,0.0,0.0,False,False,True
905,kelmarsh,K05,2023-03-18 02:09:26,0.0725,0.0,0.0,0.0,0.0,0.0,False,False,True
906,kelmarsh,K05,2023-03-18 04:15:49,0.030278,0.0,0.0,0.0,0.0,0.0,False,False,True
907,kelmarsh,K05,2023-03-18 05:17:43,9.129444,0.43336,0.037433,0.09596,0.395927,0.3374,False,False,False
909,kelmarsh,K05,2023-04-18 00:44:12,0.033333,0.0,0.0,0.0,0.0,0.0,False,False,True
910,kelmarsh,K05,2023-04-18 02:19:58,0.033333,0.033439,0.275606,0.706514,0.0,0.0,True,True,False
911,kelmarsh,K05,2023-04-18 04:47:58,0.033333,0.0,0.0,0.0,0.0,0.0,False,False,True
912,kelmarsh,K05,2023-04-18 06:50:34,0.112222,0.0,0.0,0.0,0.0,0.0,False,False,True
913,kelmarsh,K05,2023-04-19 06:04:02,0.030278,0.0,0.0,0.0,0.0,0.0,False,False,True
914,kelmarsh,K05,2023-04-19 06:08:01,0.040556,0.046385,0.497131,1.274393,0.0,0.0,True,True,False
916,kelmarsh,K05,2023-04-25 05:23:55,0.033333,0.0,0.0,0.0,0.0,0.0,False,False,True
917,kelmarsh,K05,2023-04-25 05:27:21,0.05,0.048568,0.484753,1.242664,0.0,0.0,True,True,False
918,kelmarsh,K05,2023-04-27 07:46:16,0.041111,0.0,0.0,0.0,0.0,0.0,False,False,True
919,kelmarsh,K05,2023-04-27 19:56:25,0.069167,0.1049,0.498362,1.277549,0.0,0.0,True,True,False
920,kelmarsh,K05,2023-04-27 20:03:34,0.033611,0.0,0.0,0.0,0.0,0.0,False,False,True
921,kelmarsh,K05,2023-04-27 22:27:42,7.397778,1.396655,0.147451,0.377989,1.249204,1.018666,False,False,False
922,kelmarsh,K05,2023-04-28 08:50:08,0.05,0.0,0.0,0.0,0.0,0.0,False,False,True
923,kelmarsh,K05,2023-04-29 00:59:17,0.025278,0.0,0.0,0.0,0.0,0.0,False,False,True
924,kelmarsh,K05,2023-04-29 01:50:35,0.033333,0.0,0.0,0.0,0.0,0.0,False,False,True
925,kelmarsh,K05,2023-05-01 06:32:16,0.03,0.0,0.0,0.0,0.0,0.0,False,False,True
926,kelmarsh,K05,2023-05-01 06:40:01,0.135278,0.0,0.0,0.0,0.0,0.0,False,False,True
927,kelmarsh,K05,2023-05-01 06:49:22,2.120833,0.400621,0.146406,0.375312,0.254215,0.025308,False,False,False
928,kelmarsh,K05,2023-05-04 03:24:44,0.030278,0.0,0.0,0.0,0.0,0.0,False,False,True
929,kelmarsh,K05,2023-05-04 03:43:34,0.056389,0.0,0.0,0.0,0.0,0.0,False,False,True
930,kelmarsh,K05,2023-05-04 03:48:05,0.048056,0.016704,0.079357,0.203431,0.0,0.0,True,True,False
931,kelmarsh,K05,2023-05-04 03:54:21,0.025,0.0,0.0,0.0,0.0,0.0,False,False,True
932,kelmarsh,K05,2023-05-04 04:05:54,1.414722,0.613009,0.359486,0.921541,0.253524,0.0,False,True,False
933,kelmarsh,K05,2023-05-05 03:03:07,0.030278,0.0,0.0,0.0,0.0,0.0,False,False,True
934,kelmarsh,K05,2023-05-05 03:18:41,0.03,0.0,0.0,0.0,0.0,0.0,False,False,True
935,kelmarsh,K05,2023-05-05 03:22:12,0.654722,0.0,0.0,0.0,0.0,0.0,False,False,True
936,kelmarsh,K05,2023-05-05 04:03:35,0.020278,0.0,0.0,0.0,0.0,0.0,False,False,True
937,kelmarsh,K05,2023-05-05 04:07:27,0.071111,0.0,0.045388,0.116352,0.0,0.0,True,True,True
938,kelmarsh,K05,2023-05-06 06:02:54,0.030278,0.0,0.0,0.0,0.0,0.0,False,False,True
939,kelmarsh,K05,2023-05-06 06:18:22,0.089444,0.0,0.0,0.0,0.0,0.0,False,False,True
940,kelmarsh,K05,2023-05-06 06:27:52,0.023333,0.0,0.0,0.0,0.0,0.0,False,False,True
941,kelmarsh,K05,2023-05-06 06:30:27,0.493889,0.0,0.0,0.0,0.0,0.0,False,False,True
945,kelmarsh,K05,2023-07-28 11:02:43,4.190278,2.693245,0.512345,1.313395,2.1809,1.379849,False,False,False
1141,kelmarsh,K06,2021-07-29 09:14:16,0.096389,0.078765,0.878932,2.253141,0.0,0.0,True,True,False
1299,penmanshiel,P01,2017-10-06 12:15:48,0.17,0.0,0.0,0.0,0.0,0.0,False,False,True
1426,penmanshiel,P01,2022-02-10 14:29:06,0.175556,0.340178,1.616131,4.142947,0.0,0.0,True,True,False
1733,penmanshiel,P02,2020-09-18 22:51:10,0.326667,0.029841,0.09299,0.23838,0.0,0.0,True,True,False
1734,penmanshiel,P02,2020-09-19 08:20:57,0.126389,0.0,0.0,0.0,0.0,0.0,False,False,True
1735,penmanshiel,P02,2020-09-19 08:47:10,1.100833,0.049312,0.033467,0.085794,0.015844,0.0,False,True,False
1736,penmanshiel,P02,2020-09-19 09:55:13,1.787778,0.011375,0.004913,0.012594,0.006462,0.0,False,True,False
1801,penmanshiel,P02,2022-02-01 12:37:50,0.290278,0.679453,1.613985,4.137446,0.0,0.0,True,True,False
1802,penmanshiel,P02,2022-02-01 12:58:39,0.419722,1.01918,1.613985,4.137446,0.0,0.0,True,True,False
1803,penmanshiel,P02,2022-02-01 14:10:40,0.190278,0.237495,1.613985,4.137446,0.0,0.0,True,True,False
1804,penmanshiel,P02,2022-02-01 15:22:40,0.258333,0.339727,1.613985,4.137446,0.0,0.0,True,True,False
1842,penmanshiel,P02,2022-10-14 07:43:38,0.025278,0.0,0.0,0.0,0.0,0.0,False,False,True
1877,penmanshiel,P02,2023-11-17 18:54:34,0.03,0.0,0.0,0.0,0.0,0.0,False,False,True
1983,penmanshiel,P04,2017-12-22 20:53:31,1.97,2.750689,1.132711,2.903702,1.617978,0.0,False,True,False
1985,penmanshiel,P04,2017-12-23 14:15:47,0.356111,0.680957,1.617569,4.146633,0.0,0.0,True,True,False
2121,penmanshiel,P04,2023-04-28 19:42:00,0.028056,0.0,0.0,0.0,0.0,0.0,False,False,True
2122,penmanshiel,P04,2023-04-30 14:07:35,0.030278,0.0,0.0,0.0,0.0,0.0,False,False,True
2123,penmanshiel,P04,2023-04-30 16:00:54,0.030278,0.0,0.0,0.0,0.0,0.0,False,False,True
2124,penmanshiel,P04,2023-04-30 20:32:35,0.030278,0.0,0.0,0.0,0.0,0.0,False,False,True
2125,penmanshiel,P04,2023-04-30 23:09:22,0.030278,0.048602,0.315628,0.809111,0.0,0.0,True,True,False
2126,penmanshiel,P04,2023-05-03 01:16:04,0.026111,0.0,0.0,0.0,0.0,0.0,False,False,True
2127,penmanshiel,P04,2023-05-03 02:50:08,0.026111,0.0,0.0,0.0,0.0,0.0,False,False,True
2128,penmanshiel,P04,2023-05-03 06:26:37,0.029167,0.0,0.0,0.0,0.0,0.0,False,False,True
2129,penmanshiel,P04,2023-05-05 15:01:58,0.025556,0.0,0.0,0.0,0.0,0.0,False,False,True
2130,penmanshiel,P04,2023-05-05 16:13:59,0.025278,0.0,0.0,0.0,0.0,0.0,False,False,True
2131,penmanshiel,P04,2023-05-05 18:51:00,0.025278,0.0,0.0,0.0,0.0,0.0,False,False,True
2132,penmanshiel,P04,2023-05-05 20:53:36,0.025278,0.0,0.0,0.0,0.0,0.0,False,False,True
2133,penmanshiel,P04,2023-05-05 23:41:20,0.028611,0.0,0.0,0.0,0.0,0.0,False,False,True
2134,penmanshiel,P04,2023-05-06 06:42:30,0.025278,0.0,0.0,0.0,0.0,0.0,False,False,True
2135,penmanshiel,P04,2023-05-06 08:32:30,0.025278,0.0,0.0,0.0,0.0,0.0,False,False,True
2136,penmanshiel,P04,2023-05-07 02:54:34,0.03,0.0,0.0,0.0,0.0,0.0,False,False,True
2137,penmanshiel,P04,2023-05-07 07:46:41,0.030278,0.0,0.0,0.0,0.0,0.0,False,False,True
2138,penmanshiel,P04,2023-05-09 10:42:49,0.030278,0.0,0.0,0.0,0.0,0.0,False,False,True
2139,penmanshiel,P04,2023-05-09 20:27:54,0.026111,0.0,0.0,0.0,0.0,0.0,False,False,True
2140,penmanshiel,P04,2023-05-09 21:29:38,3.655,0.004228,0.000913,0.00234,0.003315,0.001887,False,False,False
2141,penmanshiel,P04,2023-05-11 00:21:12,0.026389,0.0,0.0,0.0,0.0,0.0,False,False,True
2142,penmanshiel,P04,2023-05-11 01:23:32,0.03,0.0,0.0,0.0,0.0,0.0,False,False,True
2143,penmanshiel,P04,2023-05-11 06:48:16,0.026944,0.0,0.0,0.0,0.0,0.0,False,False,True
2144,penmanshiel,P04,2023-05-11 08:50:51,4.531389,0.288477,0.050759,0.130122,0.237717,0.158355,False,False,False
2178,penmanshiel,P04,2023-06-23 14:08:57,283.296667,210.149692,0.587286,1.505506,209.562406,208.644186,False,False,False
2194,penmanshiel,P04,2023-11-28 16:40:49,0.023611,0.0,0.0,0.0,0.0,0.0,False,False,True
2358,penmanshiel,P05,2021-11-27 08:34:51,0.175,0.336706,1.616709,4.144429,0.0,0.0,True,True,False
2362,penmanshiel,P05,2021-12-21 15:53:08,0.025278,0.0,0.0,0.0,0.0,0.0,False,False,True
2363,penmanshiel,P05,2021-12-21 18:12:59,0.029167,0.0,0.0,0.0,0.0,0.0,False,False,True
2364,penmanshiel,P05,2021-12-21 18:17:09,0.018333,0.0,0.0,0.0,0.0,0.0,False,False,True
2365,penmanshiel,P05,2021-12-22 15:28:20,0.030278,0.0,0.0,0.0,0.0,0.0,False,False,True
2366,penmanshiel,P05,2021-12-22 15:40:11,0.021111,0.0,0.0,0.0,0.0,0.0,False,False,True
2367,penmanshiel,P05,2021-12-22 15:44:58,0.060556,0.0,0.0,0.0,0.0,0.0,False,False,True
2379,penmanshiel,P05,2022-02-21 19:28:57,0.025278,0.0,0.0,0.0,0.0,0.0,False,False,True
2380,penmanshiel,P05,2022-02-21 19:32:22,0.050833,0.0,0.0,0.0,0.0,0.0,False,False,True
2396,penmanshiel,P05,2022-03-18 04:48:41,0.030278,0.0,0.0,0.0,0.0,0.0,False,False,True
2397,penmanshiel,P05,2022-03-18 04:56:18,0.618611,0.0,0.0,0.0,0.0,0.0,False,False,True
2398,penmanshiel,P05,2022-03-18 05:46:09,0.030278,0.0,0.0,0.0,0.0,0.0,False,False,True
2399,penmanshiel,P05,2022-03-18 05:57:18,0.653889,0.0,0.0,0.0,0.0,0.0,False,False,True
2400,penmanshiel,P05,2022-03-18 06:41:55,0.051944,0.0,0.0,0.0,0.0,0.0,False,False,True
2401,penmanshiel,P05,2022-03-18 07:09:14,0.662778,0.0,0.0,0.0,0.0,0.0,False,False,True
2402,penmanshiel,P05,2022-03-18 07:58:20,0.018333,0.0,0.0,0.0,0.0,0.0,False,False,True
2403,penmanshiel,P05,2022-03-18 08:01:43,0.019444,0.0,0.0,0.0,0.0,0.0,False,False,True
2404,penmanshiel,P05,2022-03-18 08:04:47,0.096389,0.0,0.0,0.0,0.0,0.0,False,False,True
2405,penmanshiel,P05,2022-03-18 08:14:33,0.180833,0.0,0.0,0.0,0.0,0.0,False,False,True
2406,penmanshiel,P05,2022-03-18 08:28:38,0.101389,0.0,0.0,0.0,0.0,0.0,False,False,True
2408,penmanshiel,P05,2022-03-30 14:50:20,0.030278,0.0,0.0,0.0,0.0,0.0,False,False,True
2409,penmanshiel,P05,2022-04-01 12:09:36,0.03,0.0,0.0,0.0,0.0,0.0,False,False,True
2410,penmanshiel,P05,2022-04-01 12:15:40,0.028889,0.0,0.0,0.0,0.0,0.0,False,False,True
2411,penmanshiel,P05,2022-04-01 12:21:12,0.030833,0.0,0.0,0.0,0.0,0.0,False,False,True
2412,penmanshiel,P05,2022-04-01 12:24:48,0.074722,0.0,0.0,0.0,0.0,0.0,False,False,True
2413,penmanshiel,P05,2022-04-01 12:34:05,0.029722,0.0,0.0,0.0,0.0,0.0,False,False,True
2414,penmanshiel,P05,2022-04-01 12:46:37,0.356944,0.0,0.0,0.0,0.0,0.0,False,False,True
2415,penmanshiel,P05,2022-04-01 20:17:29,0.03,0.0,0.0,0.0,0.0,0.0,False,False,True
2416,penmanshiel,P05,2022-04-01 20:33:32,0.03,0.0,0.0,0.0,0.0,0.0,False,False,True
2417,penmanshiel,P05,2022-04-01 20:42:43,0.244444,0.0,0.0,0.0,0.0,0.0,False,False,True
2418,penmanshiel,P05,2022-04-01 20:58:29,0.018611,0.0,0.0,0.0,0.0,0.0,False,False,True
2419,penmanshiel,P05,2022-04-01 21:10:58,0.325556,0.0,0.0,0.0,0.0,0.0,False,False,True
2420,penmanshiel,P05,2022-04-01 21:34:11,0.101389,0.0,0.0,0.0,0.0,0.0,False,False,True
2421,penmanshiel,P05,2022-04-01 21:41:28,60.7225,31.759857,0.414521,1.062625,31.345336,30.697233,False,False,False
2504,penmanshiel,P06,2016-11-14 04:16:34,0.183056,0.240884,1.144398,2.933661,0.0,0.0,True,True,False
2705,penmanshiel,P06,2022-12-12 17:18:42,0.025,0.0,0.0,0.0,0.0,0.0,False,False,True
2708,penmanshiel,P06,2022-12-31 05:49:43,0.025278,0.0,0.0,0.0,0.0,0.0,False,False,True
2709,penmanshiel,P06,2022-12-31 05:52:43,0.042222,0.0,0.0,0.0,0.0,0.0,False,False,True
2710,penmanshiel,P06,2022-12-31 06:01:02,0.019167,0.0,0.0,0.0,0.0,0.0,False,False,True
2711,penmanshiel,P06,2022-12-31 06:04:17,0.019722,0.0,0.0,0.0,0.0,0.0,False,False,True
2712,penmanshiel,P06,2022-12-31 06:06:45,0.019722,0.0,0.0,0.0,0.0,0.0,False,False,True
2713,penmanshiel,P06,2022-12-31 06:20:12,0.039444,0.0,0.0,0.0,0.0,0.0,False,False,True
2715,penmanshiel,P06,2022-12-31 12:56:34,18.346389,1.879517,0.135292,0.346821,1.744225,1.532696,False,False,False
2724,penmanshiel,P06,2023-05-05 15:16:33,65.038333,9.406803,0.11459,0.293752,9.292213,9.113051,False,False,False
2829,penmanshiel,P07,2017-04-26 03:46:36,5.901389,4.491333,0.59271,1.519412,3.898623,2.971921,False,False,False
2831,penmanshiel,P07,2017-04-26 11:23:58,0.401944,0.140815,0.334493,0.857473,0.0,0.0,True,True,False
2832,penmanshiel,P07,2017-04-26 12:10:58,0.366389,0.115984,0.296663,0.760495,0.0,0.0,True,True,False
2833,penmanshiel,P07,2017-04-26 12:55:17,26.0075,11.202792,0.34117,0.87459,10.861621,10.328202,False,False,False
2922,penmanshiel,P07,2021-04-18 21:13:21,0.650278,0.0,0.0,0.0,0.0,0.0,False,False,True
2968,penmanshiel,P07,2022-12-27 08:46:05,0.835,0.035892,0.034103,0.087423,0.001789,0.0,False,True,False
2969,penmanshiel,P07,2022-12-27 09:38:32,3.588056,3.516547,0.759388,1.946688,2.757159,1.569858,False,False,False
2970,penmanshiel,P07,2022-12-27 13:16:30,0.023889,0.0,0.0,0.0,0.0,0.0,False,False,True
2971,penmanshiel,P07,2022-12-27 13:19:04,0.005833,0.0,0.0,0.0,0.0,0.0,False,False,True
2972,penmanshiel,P07,2022-12-27 13:20:36,0.005556,0.0,0.0,0.0,0.0,0.0,False,False,True
2973,penmanshiel,P07,2022-12-27 13:23:06,0.854444,0.859613,0.816775,2.093801,0.042837,0.0,False,True,False
2974,penmanshiel,P07,2022-12-27 14:16:32,4.821389,0.709321,0.116202,0.297884,0.593118,0.411436,False,False,False
2975,penmanshiel,P07,2022-12-27 19:56:10,42.35,44.469038,0.831752,2.132194,43.637286,42.336844,False,False,False
2989,penmanshiel,P07,2023-09-26 11:49:17,0.030278,0.150847,1.310693,3.359959,0.0,0.0,True,True,False
2990,penmanshiel,P07,2023-09-26 12:03:19,0.933056,1.308158,1.242968,3.186346,0.06519,0.0,False,True,False
2991,penmanshiel,P07,2023-09-26 13:26:44,0.519722,0.502405,0.795615,2.039556,0.0,0.0,True,True,False
2993,penmanshiel,P07,2023-09-27 13:09:34,163.876389,125.808841,0.607415,1.557108,125.201426,124.251733,False,False,False
2995,penmanshiel,P07,2023-10-04 20:45:56,0.231389,0.102577,0.487325,1.249256,0.0,0.0,True,True,False
3001,penmanshiel,P07,2023-12-24 06:29:10,0.258889,0.588205,1.619987,4.152832,0.0,0.0,True,True,False
3253,penmanshiel,P08,2022-03-25 18:30:35,0.018333,0.0,0.0,0.0,0.0,0.0,False,False,True
3254,penmanshiel,P08,2022-03-25 18:33:54,0.052222,0.0,0.0,0.0,0.0,0.0,False,False,True
3255,penmanshiel,P08,2022-03-25 18:46:29,0.071944,0.0,0.0,0.0,0.0,0.0,False,False,True
3256,penmanshiel,P08,2022-03-25 18:53:39,0.425833,0.0,0.0,0.0,0.0,0.0,False,False,True
3257,penmanshiel,P08,2022-03-25 19:21:38,0.226111,0.0,0.0,0.0,0.0,0.0,False,False,True
3258,penmanshiel,P08,2022-03-27 05:14:30,0.025278,0.0,0.0,0.0,0.0,0.0,False,False,True
3259,penmanshiel,P08,2022-03-27 05:26:38,0.104444,0.0,0.0,0.0,0.0,0.0,False,False,True
3260,penmanshiel,P08,2022-03-27 07:57:44,0.025278,0.0,0.0,0.0,0.0,0.0,False,False,True
3261,penmanshiel,P08,2022-03-27 08:18:35,0.018333,0.0,0.0,0.0,0.0,0.0,False,False,True
3262,penmanshiel,P08,2022-03-27 09:15:36,0.019167,0.0,0.0,0.0,0.0,0.0,False,False,True
3263,penmanshiel,P08,2022-03-27 09:44:07,0.031111,0.0,0.0,0.0,0.0,0.0,False,False,True
3264,penmanshiel,P08,2022-03-27 11:17:32,0.350556,0.0,0.0,0.0,0.0,0.0,False,False,True
3265,penmanshiel,P08,2022-03-27 14:21:34,0.475,0.0,0.0,0.0,0.0,0.0,False,False,True
3266,penmanshiel,P08,2022-03-27 18:24:50,0.018611,0.0,0.0,0.0,0.0,0.0,False,False,True
3271,penmanshiel,P08,2022-04-14 19:43:27,0.025278,0.0,0.0,0.0,0.0,0.0,False,False,True
3272,penmanshiel,P08,2022-04-14 19:48:53,0.022222,0.0,0.0,0.0,0.0,0.0,False,False,True
3273,penmanshiel,P08,2022-04-14 20:00:28,0.021111,0.0,0.0,0.0,0.0,0.0,False,False,True
3274,penmanshiel,P08,2022-04-15 08:09:01,0.025278,0.0,0.0,0.0,0.0,0.0,False,False,True
3277,penmanshiel,P08,2022-04-29 07:31:53,0.025278,0.0,0.0,0.0,0.0,0.0,False,False,True
3278,penmanshiel,P08,2022-04-29 07:47:15,0.019167,0.0,0.0,0.0,0.0,0.0,False,False,True
3279,penmanshiel,P08,2022-04-29 08:15:45,0.018333,0.0,0.0,0.0,0.0,0.0,False,False,True
3280,penmanshiel,P08,2022-04-29 08:25:57,0.018889,0.0,0.0,0.0,0.0,0.0,False,False,True
3281,penmanshiel,P08,2022-04-29 08:30:56,0.019167,0.0,0.0,0.0,0.0,0.0,False,False,True
3282,penmanshiel,P08,2022-04-30 02:45:29,0.025278,0.0,0.0,0.0,0.0,0.0,False,False,True
3283,penmanshiel,P08,2022-04-30 04:55:34,0.018611,0.0,0.0,0.0,0.0,0.0,False,False,True
3284,penmanshiel,P08,2022-05-01 09:48:00,0.025278,0.0,0.0,0.0,0.0,0.0,False,False,True
3285,penmanshiel,P08,2022-05-01 09:51:05,0.023056,0.0,0.0,0.0,0.0,0.0,False,False,True
3286,penmanshiel,P08,2022-05-01 09:56:09,0.0225,0.0,0.0,0.0,0.0,0.0,False,False,True
3293,penmanshiel,P08,2022-05-14 20:21:49,0.025278,0.0,0.0,0.0,0.0,0.0,False,False,True
3294,penmanshiel,P08,2022-05-15 00:08:36,0.371667,0.0,0.0,0.0,0.0,0.0,False,False,True
3295,penmanshiel,P08,2022-05-15 00:35:20,0.018333,0.0,0.0,0.0,0.0,0.0,False,False,True
3296,penmanshiel,P08,2022-05-15 00:38:29,0.490556,0.0,0.0,0.0,0.0,0.0,False,False,True
3297,penmanshiel,P08,2022-05-16 17:06:45,0.030278,0.0,0.0,0.0,0.0,0.0,False,False,True
3298,penmanshiel,P08,2022-05-16 17:15:28,0.034444,0.0,0.0,0.0,0.0,0.0,False,False,True
3299,penmanshiel,P08,2022-05-16 17:20:21,0.020278,0.0,0.0,0.0,0.0,0.0,False,False,True
3300,penmanshiel,P08,2022-05-16 18:24:26,0.025278,0.0,0.0,0.0,0.0,0.0,False,False,True
3301,penmanshiel,P08,2022-05-16 18:30:45,0.027778,0.0,0.0,0.0,0.0,0.0,False,False,True
3302,penmanshiel,P08,2022-05-16 20:44:38,0.018889,0.0,0.0,0.0,0.0,0.0,False,False,True
3303,penmanshiel,P08,2022-05-16 20:50:25,0.039444,0.0,0.0,0.0,0.0,0.0,False,False,True
3304,penmanshiel,P08,2022-05-16 23:00:15,0.025278,0.0,0.0,0.0,0.0,0.0,False,False,True
3313,penmanshiel,P08,2022-05-24 11:11:43,0.030278,0.0,0.0,0.0,0.0,0.0,False,False,True
3314,penmanshiel,P08,2022-05-24 11:22:07,0.0275,0.0,0.0,0.0,0.0,0.0,False,False,True
3315,penmanshiel,P08,2022-05-24 11:46:54,0.025278,0.0,0.0,0.0,0.0,0.0,False,False,True
3316,penmanshiel,P08,2022-05-24 11:51:34,0.853889,0.0,0.0,0.0,0.0,0.0,False,False,True
3317,penmanshiel,P08,2022-05-24 12:44:05,0.0425,0.0,0.0,0.0,0.0,0.0,False,False,True
3318,penmanshiel,P08,2022-05-24 12:50:27,0.039722,0.0,0.0,0.0,0.0,0.0,False,False,True
3319,penmanshiel,P08,2022-05-24 12:55:27,0.033056,0.0,0.0,0.0,0.0,0.0,False,False,True
3320,penmanshiel,P08,2022-05-24 13:05:14,0.971667,0.0,0.0,0.0,0.0,0.0,False,False,True
3321,penmanshiel,P08,2022-05-24 14:17:42,0.049167,0.0,0.0,0.0,0.0,0.0,False,False,True
3322,penmanshiel,P08,2022-05-24 14:28:32,0.019167,0.0,0.0,0.0,0.0,0.0,False,False,True
3323,penmanshiel,P08,2022-05-24 14:31:34,0.018611,0.0,0.0,0.0,0.0,0.0,False,False,True
3324,penmanshiel,P08,2022-05-24 15:50:16,0.025278,0.0,0.0,0.0,0.0,0.0,False,False,True
3325,penmanshiel,P08,2022-05-24 15:56:32,0.02,0.0,0.0,0.0,0.0,0.0,False,False,True
3330,penmanshiel,P08,2022-05-29 19:20:36,0.025278,0.0,0.0,0.0,0.0,0.0,False,False,True
3331,penmanshiel,P08,2022-05-29 21:06:57,0.045,0.0,0.0,0.0,0.0,0.0,False,False,True
3332,penmanshiel,P08,2022-05-30 07:42:32,0.040556,0.0,0.0,0.0,0.0,0.0,False,False,True
3333,penmanshiel,P08,2022-05-30 07:47:49,0.022778,0.0,0.0,0.0,0.0,0.0,False,False,True
3334,penmanshiel,P08,2022-05-30 07:53:44,0.021667,0.0,0.0,0.0,0.0,0.0,False,False,True
3335,penmanshiel,P08,2022-05-30 12:17:24,0.030278,0.0,0.0,0.0,0.0,0.0,False,False,True
3336,penmanshiel,P08,2022-06-01 13:46:02,0.025278,0.0,0.0,0.0,0.0,0.0,False,False,True
3337,penmanshiel,P08,2022-06-01 14:01:11,0.028611,0.0,0.0,0.0,0.0,0.0,False,False,True
3338,penmanshiel,P08,2022-06-01 14:07:04,0.021944,0.0,0.0,0.0,0.0,0.0,False,False,True
3339,penmanshiel,P08,2022-06-01 14:50:25,0.025278,0.0,0.0,0.0,0.0,0.0,False,False,True
3340,penmanshiel,P08,2022-06-01 14:53:19,0.018333,0.0,0.0,0.0,0.0,0.0,False,False,True
3341,penmanshiel,P08,2022-06-01 15:05:23,4.124722,9.4e-05,1.8e-05,4.6e-05,7.6e-05,4.8e-05,False,False,False
3342,penmanshiel,P08,2022-06-02 05:54:50,0.038889,0.0,0.0,0.0,0.0,0.0,False,False,True
3343,penmanshiel,P08,2022-06-02 05:58:28,0.059722,0.0,0.0,0.0,0.0,0.0,False,False,True
3344,penmanshiel,P08,2022-06-02 06:05:28,0.371389,0.0,0.0,0.0,0.0,0.0,False,False,True
3345,penmanshiel,P08,2022-06-02 07:26:19,0.019444,0.0,0.0,0.0,0.0,0.0,False,False,True
3346,penmanshiel,P08,2022-06-02 07:41:34,0.018333,0.0,0.0,0.0,0.0,0.0,False,False,True
3347,penmanshiel,P08,2022-06-02 07:57:47,0.076389,0.0,0.0,0.0,0.0,0.0,False,False,True
3348,penmanshiel,P08,2022-06-02 08:05:38,0.028056,0.0,0.0,0.0,0.0,0.0,False,False,True
3349,penmanshiel,P08,2022-06-02 10:01:20,0.025278,0.0,0.0,0.0,0.0,0.0,False,False,True
3350,penmanshiel,P08,2022-06-03 01:51:26,0.255278,0.0,0.0,0.0,0.0,0.0,False,False,True
3351,penmanshiel,P08,2022-06-04 05:48:28,0.025278,0.0,0.0,0.0,0.0,0.0,False,False,True
3352,penmanshiel,P08,2022-06-04 07:30:30,0.025278,0.0,0.0,0.0,0.0,0.0,False,False,True
3353,penmanshiel,P08,2022-06-04 08:34:15,0.025278,0.0,0.0,0.0,0.0,0.0,False,False,True
3354,penmanshiel,P08,2022-06-05 21:46:54,0.025278,0.0,0.0,0.0,0.0,0.0,False,False,True
3355,penmanshiel,P08,2022-06-07 12:22:29,0.030278,0.0,0.0,0.0,0.0,0.0,False,False,True
3356,penmanshiel,P08,2022-06-07 13:25:30,0.059444,0.0,0.0,0.0,0.0,0.0,False,False,True
3357,penmanshiel,P08,2022-06-07 13:33:35,0.019444,0.0,0.0,0.0,0.0,0.0,False,False,True
3358,penmanshiel,P08,2022-06-07 14:52:51,0.025278,0.0,0.0,0.0,0.0,0.0,False,False,True
3359,penmanshiel,P08,2022-06-07 15:26:26,0.02,0.0,0.0,0.0,0.0,0.0,False,False,True
3360,penmanshiel,P08,2022-06-07 15:32:58,0.039444,0.0,0.0,0.0,0.0,0.0,False,False,True
3361,penmanshiel,P08,2022-06-07 15:57:48,0.336944,0.0,0.0,0.0,0.0,0.0,False,False,True
3362,penmanshiel,P08,2022-06-07 16:21:20,2.236944,0.080213,0.029314,0.075145,0.050899,0.005067,False,False,False
3363,penmanshiel,P08,2022-06-08 16:10:39,0.025556,0.0,0.0,0.0,0.0,0.0,False,False,True
3364,penmanshiel,P08,2022-06-08 16:18:17,0.03,0.0,0.0,0.0,0.0,0.0,False,False,True
3365,penmanshiel,P08,2022-06-08 16:22:57,0.019722,0.0,0.0,0.0,0.0,0.0,False,False,True
3366,penmanshiel,P08,2022-06-08 16:27:04,0.028611,0.0,0.0,0.0,0.0,0.0,False,False,True
3367,penmanshiel,P08,2022-06-08 17:30:17,0.028056,0.0,0.0,0.0,0.0,0.0,False,False,True
3368,penmanshiel,P08,2022-06-08 18:54:16,0.025278,0.0,0.0,0.0,0.0,0.0,False,False,True
3369,penmanshiel,P08,2022-06-08 18:56:50,0.018611,0.0,0.0,0.0,0.0,0.0,False,False,True
3370,penmanshiel,P08,2022-06-08 19:01:50,1.302222,0.0,0.0,0.0,0.0,0.0,False,False,True
3371,penmanshiel,P08,2022-06-08 20:29:48,0.017778,0.0,0.0,0.0,0.0,0.0,False,False,True
3372,penmanshiel,P08,2022-06-08 20:51:42,0.025278,0.0,0.0,0.0,0.0,0.0,False,False,True
3373,penmanshiel,P08,2022-06-08 20:54:25,0.026667,0.0,0.0,0.0,0.0,0.0,False,False,True
3374,penmanshiel,P08,2022-06-08 20:57:02,0.540278,0.0,0.0,0.0,0.0,0.0,False,False,True
3375,penmanshiel,P08,2022-06-08 23:25:33,0.054722,0.0,0.0,0.0,0.0,0.0,False,False,True
3376,penmanshiel,P08,2022-06-08 23:32:48,0.053056,0.0,0.0,0.0,0.0,0.0,False,False,True
3377,penmanshiel,P08,2022-06-08 23:38:01,0.050833,0.0,0.0,0.0,0.0,0.0,False,False,True
3378,penmanshiel,P08,2022-06-08 23:42:22,0.028333,0.0,0.0,0.0,0.0,0.0,False,False,True
3379,penmanshiel,P08,2022-06-08 23:47:17,0.566111,0.0,0.0,0.0,0.0,0.0,False,False,True
3380,penmanshiel,P08,2022-06-09 00:41:32,0.02,0.0,0.0,0.0,0.0,0.0,False,False,True
3381,penmanshiel,P08,2022-06-09 00:59:49,0.025278,0.0,0.0,0.0,0.0,0.0,False,False,True
3382,penmanshiel,P08,2022-06-09 01:06:11,0.080556,0.0,0.0,0.0,0.0,0.0,False,False,True
3383,penmanshiel,P08,2022-06-09 01:12:39,0.018333,0.0,0.0,0.0,0.0,0.0,False,False,True
3384,penmanshiel,P08,2022-06-09 01:15:54,0.018611,0.0,0.0,0.0,0.0,0.0,False,False,True
3385,penmanshiel,P08,2022-06-09 01:20:25,0.020556,0.0,0.0,0.0,0.0,0.0,False,False,True
3386,penmanshiel,P08,2022-06-09 01:31:09,4.807778,0.0,0.0,0.0,0.0,0.0,False,False,True
3665,penmanshiel,P09,2020-09-23 16:55:15,18.207778,4.88285,0.212822,0.545569,4.670028,4.337281,False,False,False
3685,penmanshiel,P09,2021-04-29 23:23:42,0.549444,0.0,0.262266,0.672318,0.0,0.0,True,True,True
3686,penmanshiel,P09,2021-04-30 05:22:38,6.603056,0.025909,0.443623,1.137228,0.0,0.0,True,True,False
3687,penmanshiel,P09,2021-04-30 18:34:11,0.001944,0.0,0.0,0.0,0.0,0.0,False,False,True
3688,penmanshiel,P09,2021-04-30 23:40:29,0.028889,0.0,0.0,0.0,0.0,0.0,False,False,True
3689,penmanshiel,P09,2021-04-30 23:43:14,0.006389,0.0,0.0,0.0,0.0,0.0,False,False,True
3770,penmanshiel,P09,2023-12-24 17:10:52,0.258333,0.302852,1.625648,4.167345,0.0,0.0,True,True,False
4009,penmanshiel,P11,2016-09-02 03:37:13,0.1825,0.052644,0.250102,0.641136,0.0,0.0,True,True,False
4095,penmanshiel,P11,2017-06-10 12:29:21,27.15,42.390616,1.235526,3.167268,41.15509,39.223348,False,False,False
4097,penmanshiel,P11,2017-06-11 16:35:51,0.360833,0.547987,1.303306,3.341021,0.0,0.0,True,True,False
4340,penmanshiel,P11,2022-02-02 11:01:18,0.030278,0.0,0.0,0.0,0.0,0.0,False,False,True
4365,penmanshiel,P11,2022-08-09 08:11:32,0.035,0.0,0.0,0.0,0.0,0.0,False,False,True
4366,penmanshiel,P11,2022-08-09 23:22:14,0.052222,0.0,0.0,0.0,0.0,0.0,False,False,True
4367,penmanshiel,P11,2022-08-12 16:33:36,0.033611,0.0,0.0,0.0,0.0,0.0,False,False,True
4379,penmanshiel,P11,2022-08-23 13:06:32,0.03,0.0,0.0,0.0,0.0,0.0,False,False,True
4380,penmanshiel,P11,2022-08-25 16:10:17,0.100833,0.0,0.0,0.0,0.0,0.0,False,False,True
4381,penmanshiel,P11,2022-08-26 15:15:48,0.030278,0.0,0.0,0.0,0.0,0.0,False,False,True
4382,penmanshiel,P11,2022-08-27 02:15:40,0.021944,0.0,0.0,0.0,0.0,0.0,False,False,True
4383,penmanshiel,P11,2022-08-27 02:27:27,0.023611,0.0,0.0,0.0,0.0,0.0,False,False,True
4384,penmanshiel,P11,2022-08-27 20:13:15,0.024722,0.0,0.0,0.0,0.0,0.0,False,False,True
4385,penmanshiel,P11,2022-08-28 06:44:41,0.573333,0.0,0.0,0.0,0.0,0.0,False,False,True
4386,penmanshiel,P11,2022-08-28 09:54:19,0.0275,0.0,0.0,0.0,0.0,0.0,False,False,True
4387,penmanshiel,P11,2022-08-28 22:09:07,0.030278,0.0,0.0,0.0,0.0,0.0,False,False,True
4388,penmanshiel,P11,2022-08-29 13:09:07,0.075556,0.008054,0.047756,0.122422,0.0,0.0,True,True,False
4389,penmanshiel,P11,2022-08-30 00:47:38,0.032222,0.0,0.0,0.0,0.0,0.0,False,False,True
4391,penmanshiel,P11,2022-09-01 19:30:45,0.03,0.0,0.0,0.0,0.0,0.0,False,False,True
4392,penmanshiel,P11,2022-09-01 19:33:51,0.026667,0.0,0.0,0.0,0.0,0.0,False,False,True
4393,penmanshiel,P11,2022-09-03 09:38:03,0.04,0.0818,0.957149,2.453649,0.0,0.0,True,True,False
4394,penmanshiel,P11,2022-09-04 17:08:32,0.052222,0.044527,0.299621,0.768079,0.0,0.0,True,True,False
4395,penmanshiel,P11,2022-09-04 20:59:53,0.030278,0.049011,0.252239,0.646613,0.0,0.0,True,True,False
4396,penmanshiel,P11,2022-09-04 21:04:18,0.001389,0.0,0.0,0.0,0.0,0.0,False,False,True
4397,penmanshiel,P11,2022-09-05 09:21:06,0.03,0.0,0.0,0.0,0.0,0.0,False,False,True
4398,penmanshiel,P11,2022-09-05 09:25:07,0.018611,0.0,0.0,0.0,0.0,0.0,False,False,True
4399,penmanshiel,P11,2022-09-05 09:29:52,0.595833,0.0,0.0,0.0,0.0,0.0,False,False,True
4400,penmanshiel,P11,2022-09-06 18:43:53,0.029444,0.0,0.0,0.0,0.0,0.0,False,False,True
4401,penmanshiel,P11,2022-09-07 09:30:05,0.030278,0.0,0.0,0.0,0.0,0.0,False,False,True
4402,penmanshiel,P11,2022-09-07 23:35:12,0.057222,0.0,0.0,0.0,0.0,0.0,False,False,True
4403,penmanshiel,P11,2022-09-07 23:39:50,0.029167,0.021993,0.216433,0.554826,0.0,0.0,True,True,False
4404,penmanshiel,P11,2022-09-10 01:05:02,0.059722,0.0,0.0,0.0,0.0,0.0,False,False,True
4405,penmanshiel,P11,2022-09-10 20:02:51,0.025278,0.0,0.0,0.0,0.0,0.0,False,False,True
4406,penmanshiel,P11,2022-09-10 20:36:45,0.0275,0.0,0.0,0.0,0.0,0.0,False,False,True
4407,penmanshiel,P11,2022-09-10 20:39:48,0.019722,0.0,0.0,0.0,0.0,0.0,False,False,True
4408,penmanshiel,P11,2022-09-10 20:47:50,0.024722,0.0,0.0,0.0,0.0,0.0,False,False,True
4409,penmanshiel,P11,2022-09-10 20:51:14,0.46,0.0,0.0,0.0,0.0,0.0,False,False,True
4410,penmanshiel,P11,2022-09-12 21:40:31,0.03,0.0,0.0,0.0,0.0,0.0,False,False,True
4431,penmanshiel,P11,2022-10-21 20:35:44,0.030278,0.0,0.0,0.0,0.0,0.0,False,False,True
4432,penmanshiel,P11,2022-10-21 20:39:16,0.020556,0.124754,0.806772,2.068158,0.0,0.0,True,True,False
4434,penmanshiel,P11,2022-10-23 23:13:15,0.03,0.0,0.0,0.0,0.0,0.0,False,False,True
4435,penmanshiel,P11,2022-10-25 13:17:06,0.030278,0.0,0.0,0.0,0.0,0.0,False,False,True
4447,penmanshiel,P11,2023-02-02 21:39:26,0.176111,0.680253,1.615885,4.142318,0.0,0.0,True,True,False
4452,penmanshiel,P11,2023-02-24 20:01:38,11.106111,20.516582,1.476831,3.785853,19.039751,16.730728,False,False,False
4467,penmanshiel,P11,2023-12-24 06:29:37,0.258333,0.57917,1.623209,4.161093,0.0,0.0,True,True,False
4468,penmanshiel,P11,2023-12-24 15:17:34,0.258333,0.680676,1.623209,4.161093,0.0,0.0,True,True,False
4670,penmanshiel,P12,2020-02-21 11:19:26,0.258056,0.68083,1.617255,4.145829,0.0,0.0,True,True,False
4671,penmanshiel,P12,2020-02-21 12:30:00,0.175556,0.506269,1.617255,4.145829,0.0,0.0,True,True,False
4672,penmanshiel,P12,2020-02-21 13:11:47,0.175556,0.224484,1.617255,4.145829,0.0,0.0,True,True,False
4673,penmanshiel,P12,2020-02-22 01:13:12,3.476111,6.930029,1.607812,4.121622,5.322217,2.808407,False,False,False
4727,penmanshiel,P12,2021-12-04 12:49:55,0.030278,0.041829,0.462775,1.186322,0.0,0.0,True,True,False
4728,penmanshiel,P12,2021-12-06 00:08:38,0.030278,0.009999,0.144736,0.371031,0.0,0.0,True,True,False
4729,penmanshiel,P12,2021-12-06 21:24:31,0.030278,0.0,0.0,0.0,0.0,0.0,False,False,True
4730,penmanshiel,P12,2021-12-06 21:43:48,0.030278,0.0,0.0,0.0,0.0,0.0,False,False,True
4731,penmanshiel,P12,2021-12-07 00:57:01,0.030278,0.0,0.0,0.0,0.0,0.0,False,False,True
4732,penmanshiel,P12,2021-12-09 03:01:09,0.030278,0.0,0.0,0.0,0.0,0.0,False,False,True
4733,penmanshiel,P12,2021-12-09 03:10:25,0.030278,0.0,0.0,0.0,0.0,0.0,False,False,True
4734,penmanshiel,P12,2021-12-09 06:30:32,0.030278,0.0,0.0,0.0,0.0,0.0,False,False,True
4735,penmanshiel,P12,2021-12-10 22:35:27,0.030278,0.0,0.0,0.0,0.0,0.0,False,False,True
4736,penmanshiel,P12,2021-12-11 16:47:16,0.03,0.0,0.0,0.0,0.0,0.0,False,False,True
4737,penmanshiel,P12,2021-12-11 17:48:30,0.030278,0.081176,0.776646,1.990929,0.0,0.0,True,True,False
4738,penmanshiel,P12,2021-12-11 18:49:30,0.030278,0.012562,0.190041,0.487169,0.0,0.0,True,True,False
4739,penmanshiel,P12,2021-12-11 19:50:28,0.030278,0.0,0.0,0.0,0.0,0.0,False,False,True
4740,penmanshiel,P12,2021-12-11 20:51:35,0.03,0.0,0.0,0.0,0.0,0.0,False,False,True
4741,penmanshiel,P12,2021-12-11 21:51:29,0.030278,0.0,0.0,0.0,0.0,0.0,False,False,True
4742,penmanshiel,P12,2021-12-11 22:52:27,0.030278,0.0,0.0,0.0,0.0,0.0,False,False,True
4743,penmanshiel,P12,2021-12-11 23:53:28,0.030278,0.0,0.0,0.0,0.0,0.0,False,False,True
4744,penmanshiel,P12,2021-12-12 00:54:25,0.03,0.0,0.0,0.0,0.0,0.0,False,False,True
4745,penmanshiel,P12,2021-12-12 01:55:20,0.030278,0.0,0.0,0.0,0.0,0.0,False,False,True
4746,penmanshiel,P12,2021-12-12 02:56:16,0.030278,0.0,0.0,0.0,0.0,0.0,False,False,True
4747,penmanshiel,P12,2021-12-12 03:57:13,0.030278,0.0,0.0,0.0,0.0,0.0,False,False,True
4748,penmanshiel,P12,2021-12-12 04:58:08,0.030278,0.0,0.0,0.0,0.0,0.0,False,False,True
4749,penmanshiel,P12,2021-12-12 05:59:07,0.030278,0.021868,0.287692,0.737497,0.0,0.0,True,True,False
4750,penmanshiel,P12,2021-12-12 07:00:02,0.030278,0.0,0.0,0.0,0.0,0.0,False,False,True
4751,penmanshiel,P12,2021-12-12 08:01:19,1.076667,0.0,0.0,0.0,0.0,0.0,False,False,True
4752,penmanshiel,P12,2021-12-12 10:03:05,0.030278,0.0,0.0,0.0,0.0,0.0,False,False,True
4753,penmanshiel,P12,2021-12-12 11:03:58,0.030278,0.0,0.0,0.0,0.0,0.0,False,False,True
4754,penmanshiel,P12,2021-12-12 12:04:59,0.030278,0.0,0.0,0.0,0.0,0.0,False,False,True
4755,penmanshiel,P12,2021-12-12 13:05:52,0.03,0.0,0.0,0.0,0.0,0.0,False,False,True
4756,penmanshiel,P12,2021-12-12 14:06:47,0.030278,0.0,0.0,0.0,0.0,0.0,False,False,True
4757,penmanshiel,P12,2021-12-12 15:07:39,0.030278,0.0,0.0,0.0,0.0,0.0,False,False,True
4758,penmanshiel,P12,2021-12-12 16:08:39,0.030278,0.112497,1.135114,2.909862,0.0,0.0,True,True,False
4759,penmanshiel,P12,2021-12-12 18:12:29,0.030278,0.0,0.0,0.0,0.0,0.0,False,False,True
4760,penmanshiel,P12,2021-12-13 03:13:36,0.441389,0.044884,0.114933,0.294631,0.0,0.0,True,True,False
4761,penmanshiel,P12,2021-12-13 04:30:01,0.571389,0.048816,0.078355,0.200863,0.0,0.0,True,True,False
4763,penmanshiel,P12,2021-12-14 11:42:25,0.030278,0.0,0.0,0.0,0.0,0.0,False,False,True
4764,penmanshiel,P12,2021-12-14 12:43:42,0.030278,0.0,0.0,0.0,0.0,0.0,False,False,True
4765,penmanshiel,P12,2021-12-14 13:19:00,0.030278,0.019218,0.215343,0.552031,0.0,0.0,True,True,False
4766,penmanshiel,P12,2021-12-14 14:20:09,0.030278,0.0,0.0,0.0,0.0,0.0,False,False,True
4767,penmanshiel,P12,2021-12-14 15:21:01,0.030278,0.0,0.0,0.0,0.0,0.0,False,False,True
4768,penmanshiel,P12,2021-12-14 18:24:53,0.030278,0.0,0.0,0.0,0.0,0.0,False,False,True
4769,penmanshiel,P12,2021-12-14 19:26:58,0.029722,0.0,0.0,0.0,0.0,0.0,False,False,True
4770,penmanshiel,P12,2021-12-14 20:28:03,0.030278,0.0,0.0,0.0,0.0,0.0,False,False,True
4771,penmanshiel,P12,2021-12-14 21:29:01,0.030278,0.136612,1.052866,2.69902,0.0,0.0,True,True,False
4772,penmanshiel,P12,2021-12-14 23:31:27,0.694444,0.07316,0.15264,0.391293,0.0,0.0,True,True,False
4773,penmanshiel,P12,2021-12-15 01:34:12,0.030278,0.0,0.0,0.0,0.0,0.0,False,False,True
4774,penmanshiel,P12,2021-12-15 02:35:32,0.030278,0.0,0.0,0.0,0.0,0.0,False,False,True
4775,penmanshiel,P12,2021-12-15 03:36:25,0.030278,0.0,0.0,0.0,0.0,0.0,False,False,True
4776,penmanshiel,P12,2021-12-15 07:40:57,0.030278,0.0,0.0,0.0,0.0,0.0,False,False,True
4777,penmanshiel,P12,2021-12-15 09:42:51,0.030278,0.0,0.0,0.0,0.0,0.0,False,False,True
4778,penmanshiel,P12,2021-12-15 10:43:45,0.030278,0.0,0.0,0.0,0.0,0.0,False,False,True
4779,penmanshiel,P12,2021-12-15 11:44:45,0.030278,0.0,0.0,0.0,0.0,0.0,False,False,True
4780,penmanshiel,P12,2021-12-15 12:45:34,0.030278,0.0,0.0,0.0,0.0,0.0,False,False,True
4781,penmanshiel,P12,2021-12-15 14:47:42,0.030278,0.0,0.0,0.0,0.0,0.0,False,False,True
4782,penmanshiel,P12,2021-12-15 15:48:46,0.5175,0.0,0.0,0.0,0.0,0.0,False,False,True
4783,penmanshiel,P12,2021-12-15 16:49:40,0.030278,0.026161,0.194207,0.49785,0.0,0.0,True,True,False
4784,penmanshiel,P12,2021-12-15 17:50:41,0.030278,0.0,0.0,0.0,0.0,0.0,False,False,True
4785,penmanshiel,P12,2021-12-15 18:51:37,0.030278,0.0,0.0,0.0,0.0,0.0,False,False,True
4786,penmanshiel,P12,2021-12-15 20:53:36,0.030278,0.0,0.0,0.0,0.0,0.0,False,False,True
4787,penmanshiel,P12,2021-12-15 22:55:37,0.025,0.0,0.0,0.0,0.0,0.0,False,False,True
4788,penmanshiel,P12,2021-12-15 23:56:36,0.030278,0.0,0.0,0.0,0.0,0.0,False,False,True
4789,penmanshiel,P12,2021-12-16 00:57:32,0.030278,0.0,0.0,0.0,0.0,0.0,False,False,True
4790,penmanshiel,P12,2021-12-16 01:58:32,0.03,0.0,0.0,0.0,0.0,0.0,False,False,True
4791,penmanshiel,P12,2021-12-16 02:59:27,0.030278,0.0,0.0,0.0,0.0,0.0,False,False,True
4792,penmanshiel,P12,2021-12-16 03:26:48,0.711667,0.0,0.0,0.0,0.0,0.0,False,False,True
4793,penmanshiel,P12,2021-12-16 04:27:45,0.030278,0.0,0.0,0.0,0.0,0.0,False,False,True
4794,penmanshiel,P12,2021-12-16 05:28:45,0.030278,0.007465,0.06958,0.178367,0.0,0.0,True,True,False
4795,penmanshiel,P12,2021-12-16 06:29:35,0.030278,0.010663,0.057781,0.14812,0.0,0.0,True,True,False
4796,penmanshiel,P12,2021-12-16 07:30:30,0.030278,0.0,0.0,0.0,0.0,0.0,False,False,True
4797,penmanshiel,P12,2021-12-16 08:31:27,0.030278,0.0,0.0,0.0,0.0,0.0,False,False,True
4798,penmanshiel,P12,2021-12-16 09:32:23,0.030278,0.0,0.0,0.0,0.0,0.0,False,False,True
4799,penmanshiel,P12,2021-12-16 10:33:20,0.030278,0.0,0.0,0.0,0.0,0.0,False,False,True
4800,penmanshiel,P12,2021-12-16 11:34:24,0.030278,0.0,0.0,0.0,0.0,0.0,False,False,True
4801,penmanshiel,P12,2021-12-16 12:35:25,0.030278,0.0,0.0,0.0,0.0,0.0,False,False,True
4802,penmanshiel,P12,2021-12-16 13:36:15,0.3,0.0,0.0,0.0,0.0,0.0,False,False,True
4803,penmanshiel,P12,2021-12-16 14:37:10,0.030278,0.0,0.0,0.0,0.0,0.0,False,False,True
4804,penmanshiel,P12,2021-12-16 15:38:05,0.025278,0.0,0.0,0.0,0.0,0.0,False,False,True
4805,penmanshiel,P12,2021-12-16 16:39:04,0.03,0.0,0.0,0.0,0.0,0.0,False,False,True
4806,penmanshiel,P12,2021-12-16 17:40:03,0.025278,0.0,0.0,0.0,0.0,0.0,False,False,True
4807,penmanshiel,P12,2021-12-16 18:40:50,0.030278,0.0,0.0,0.0,0.0,0.0,False,False,True
4808,penmanshiel,P12,2021-12-16 19:41:46,0.030278,0.0,0.0,0.0,0.0,0.0,False,False,True
4809,penmanshiel,P12,2021-12-16 20:42:52,0.03,0.0,0.0,0.0,0.0,0.0,False,False,True
4810,penmanshiel,P12,2021-12-16 21:43:45,0.025,0.0,0.0,0.0,0.0,0.0,False,False,True
4811,penmanshiel,P12,2021-12-16 22:44:51,0.030556,0.0,0.0,0.0,0.0,0.0,False,False,True
4812,penmanshiel,P12,2021-12-16 23:03:55,0.360833,0.0,0.0,0.0,0.0,0.0,False,False,True
4813,penmanshiel,P12,2021-12-17 00:04:53,0.030278,0.0,0.0,0.0,0.0,0.0,False,False,True
4814,penmanshiel,P12,2021-12-17 01:05:53,0.030278,0.0,0.0,0.0,0.0,0.0,False,False,True
4815,penmanshiel,P12,2021-12-17 02:06:47,0.025,0.0,0.0,0.0,0.0,0.0,False,False,True
4816,penmanshiel,P12,2021-12-17 03:07:44,0.030278,0.0,0.0,0.0,0.0,0.0,False,False,True
4817,penmanshiel,P12,2021-12-17 04:08:44,0.030278,0.030164,0.241466,0.618996,0.0,0.0,True,True,False
4818,penmanshiel,P12,2021-12-17 05:09:40,0.030278,0.036029,0.307785,0.789006,0.0,0.0,True,True,False
4819,penmanshiel,P12,2021-12-17 06:10:36,0.030278,0.0,0.0,0.0,0.0,0.0,False,False,True
4820,penmanshiel,P12,2021-12-17 07:11:33,0.030278,0.0,0.0,0.0,0.0,0.0,False,False,True
4821,penmanshiel,P12,2021-12-17 08:12:29,0.030278,0.0,0.0,0.0,0.0,0.0,False,False,True
4822,penmanshiel,P12,2021-12-17 09:28:46,0.715556,0.0,0.031928,0.081846,0.0,0.0,True,True,True
4823,penmanshiel,P12,2021-12-17 10:29:48,0.030278,0.023436,0.219125,0.561728,0.0,0.0,True,True,False
4824,penmanshiel,P12,2021-12-17 11:30:46,0.030278,0.0,0.0,0.0,0.0,0.0,False,False,True
4825,penmanshiel,P12,2021-12-17 12:31:40,0.030278,0.0,0.0,0.0,0.0,0.0,False,False,True
4826,penmanshiel,P12,2021-12-17 13:32:44,0.030278,0.0,0.0,0.0,0.0,0.0,False,False,True
4827,penmanshiel,P12,2021-12-17 14:33:37,0.030278,0.0,0.0,0.0,0.0,0.0,False,False,True
4828,penmanshiel,P12,2021-12-17 15:34:32,0.030278,0.0,0.0,0.0,0.0,0.0,False,False,True
4829,penmanshiel,P12,2021-12-17 16:35:28,0.030278,0.0,0.0,0.0,0.0,0.0,False,False,True
4830,penmanshiel,P12,2021-12-17 17:36:53,0.025278,0.0,0.0,0.0,0.0,0.0,False,False,True
4831,penmanshiel,P12,2021-12-17 19:50:58,0.0225,0.0,0.0,0.0,0.0,0.0,False,False,True
4832,penmanshiel,P12,2021-12-17 20:52:16,3.216111,0.191392,0.047856,0.12268,0.143536,0.068712,False,False,False
4833,penmanshiel,P12,2021-12-18 00:18:17,0.021944,0.0,0.0,0.0,0.0,0.0,False,False,True
4834,penmanshiel,P12,2021-12-18 01:19:39,0.023056,0.0,0.0,0.0,0.0,0.0,False,False,True
4835,penmanshiel,P12,2021-12-18 02:21:01,0.0225,0.0,0.0,0.0,0.0,0.0,False,False,True
4836,penmanshiel,P12,2021-12-18 03:22:26,0.0225,0.0,0.0,0.0,0.0,0.0,False,False,True
4837,penmanshiel,P12,2021-12-18 04:04:28,0.024444,0.0,0.0,0.0,0.0,0.0,False,False,True
4838,penmanshiel,P12,2021-12-18 06:00:49,0.022222,0.0,0.0,0.0,0.0,0.0,False,False,True
4839,penmanshiel,P12,2021-12-18 07:02:10,0.022222,0.0,0.0,0.0,0.0,0.0,False,False,True
4840,penmanshiel,P12,2021-12-18 08:03:40,0.019167,0.0,0.0,0.0,0.0,0.0,False,False,True
4841,penmanshiel,P12,2021-12-18 17:49:52,0.03,0.0,0.0,0.0,0.0,0.0,False,False,True
4845,penmanshiel,P12,2021-12-27 21:21:29,0.030278,0.0,0.0,0.0,0.0,0.0,False,False,True
4846,penmanshiel,P12,2021-12-28 01:36:27,0.030278,0.0,0.0,0.0,0.0,0.0,False,False,True
4847,penmanshiel,P12,2021-12-28 02:37:59,0.030278,0.0,0.0,0.0,0.0,0.0,False,False,True
4848,penmanshiel,P12,2021-12-28 03:39:21,0.030278,0.032896,0.244708,0.627308,0.0,0.0,True,True,False
4849,penmanshiel,P12,2021-12-28 04:41:08,0.030278,0.0,0.0,0.0,0.0,0.0,False,False,True
4850,penmanshiel,P12,2021-12-28 05:43:05,0.030278,0.0,0.0,0.0,0.0,0.0,False,False,True
4851,penmanshiel,P12,2021-12-28 06:45:08,0.030278,0.0,0.0,0.0,0.0,0.0,False,False,True
4852,penmanshiel,P12,2021-12-28 08:48:44,0.030278,0.107219,0.934651,2.395975,0.0,0.0,True,True,False
4853,penmanshiel,P12,2021-12-28 09:50:09,0.030278,0.0,0.0,0.0,0.0,0.0,False,False,True
4854,penmanshiel,P12,2021-12-28 10:11:25,0.450556,0.0,0.0,0.0,0.0,0.0,False,False,True
4855,penmanshiel,P12,2021-12-28 11:13:22,0.030278,0.0,0.0,0.0,0.0,0.0,False,False,True
4856,penmanshiel,P12,2021-12-30 15:18:55,0.030278,0.022817,0.252105,0.64627,0.0,0.0,True,True,False
4857,penmanshiel,P12,2021-12-30 21:10:13,0.03,0.0,0.0,0.0,0.0,0.0,False,False,True
4858,penmanshiel,P12,2021-12-30 23:12:11,0.030278,0.0,0.0,0.0,0.0,0.0,False,False,True
4859,penmanshiel,P12,2021-12-31 01:14:06,0.030278,0.0,0.0,0.0,0.0,0.0,False,False,True
4860,penmanshiel,P12,2021-12-31 04:22:04,0.030278,0.0,0.0,0.0,0.0,0.0,False,False,True
4861,penmanshiel,P12,2021-12-31 05:23:03,0.03,0.0,0.0,0.0,0.0,0.0,False,False,True
4862,penmanshiel,P12,2021-12-31 07:57:45,0.030278,0.0,0.0,0.0,0.0,0.0,False,False,True
4863,penmanshiel,P12,2021-12-31 08:18:57,0.030278,0.019981,0.178088,0.456529,0.0,0.0,True,True,False
4864,penmanshiel,P12,2021-12-31 09:20:04,0.030278,0.0,0.0,0.0,0.0,0.0,False,False,True
4865,penmanshiel,P12,2021-12-31 11:22:43,0.212778,0.0,0.0,0.0,0.0,0.0,False,False,True
4866,penmanshiel,P12,2021-12-31 19:54:40,0.030278,0.0,0.0,0.0,0.0,0.0,False,False,True
4867,penmanshiel,P12,2021-12-31 20:55:41,0.030278,0.0,0.0,0.0,0.0,0.0,False,False,True
4868,penmanshiel,P12,2022-01-02 01:52:15,0.030278,0.0,0.0,0.0,0.0,0.0,False,False,True
4869,penmanshiel,P12,2022-01-02 03:54:39,0.030278,0.0,0.0,0.0,0.0,0.0,False,False,True
4870,penmanshiel,P12,2022-01-02 04:56:03,0.03,0.0,0.0,0.0,0.0,0.0,False,False,True
4871,penmanshiel,P12,2022-01-02 05:57:35,0.03,0.0,0.0,0.0,0.0,0.0,False,False,True
4876,penmanshiel,P12,2022-01-13 03:30:15,0.030278,0.0,0.0,0.0,0.0,0.0,False,False,True
4878,penmanshiel,P12,2022-01-14 00:07:42,0.030278,0.0,0.0,0.0,0.0,0.0,False,False,True
4882,penmanshiel,P12,2022-06-15 20:40:29,0.025278,0.0,0.0,0.0,0.0,0.0,False,False,True
4986,penmanshiel,P12,2023-12-24 01:50:25,0.179167,0.130926,1.597432,4.095014,0.0,0.0,True,True,False
4987,penmanshiel,P12,2023-12-24 15:14:06,0.258333,0.342922,1.629164,4.176357,0.0,0.0,True,True,False
4988,penmanshiel,P12,2023-12-24 18:21:58,0.258333,0.337536,1.629164,4.176357,0.0,0.0,True,True,False
5266,penmanshiel,P13,2021-01-20 22:01:04,0.019167,0.0,0.0,0.0,0.0,0.0,False,False,True
5267,penmanshiel,P13,2021-01-21 00:53:08,0.03,0.0,0.0,0.0,0.0,0.0,False,False,True
5268,penmanshiel,P13,2021-01-21 01:33:29,0.030278,0.0,0.0,0.0,0.0,0.0,False,False,True
5269,penmanshiel,P13,2021-01-22 11:57:38,0.045,0.039695,0.389109,0.997481,0.0,0.0,True,True,False
5270,penmanshiel,P13,2021-01-22 13:19:09,0.030278,0.049285,0.358705,0.91954,0.0,0.0,True,True,False
5271,penmanshiel,P13,2021-01-22 13:43:56,0.030278,0.0,0.0,0.0,0.0,0.0,False,False,True
5272,penmanshiel,P13,2021-01-22 14:19:20,0.030278,0.11595,0.550859,1.412125,0.0,0.0,True,True,False
5273,penmanshiel,P13,2021-01-22 14:48:36,0.030278,0.115443,0.548451,1.405953,0.0,0.0,True,True,False
5274,penmanshiel,P13,2021-01-22 15:19:11,0.03,0.074098,0.352028,0.902422,0.0,0.0,True,True,False
5275,penmanshiel,P13,2021-01-22 15:37:18,0.03,0.0,0.0,0.0,0.0,0.0,False,False,True
5276,penmanshiel,P13,2021-01-22 16:26:07,3.843889,1.001112,0.206788,0.5301,0.794324,0.471012,False,False,False
5277,penmanshiel,P13,2021-01-22 20:18:23,23.120556,3.30452,0.112944,0.289532,3.191576,3.014988,False,False,False
5278,penmanshiel,P13,2021-01-23 19:27:13,0.106667,0.0,0.0,0.0,0.0,0.0,False,False,True
5279,penmanshiel,P13,2021-01-23 19:35:12,39.239167,22.093753,0.446654,1.144997,21.647099,20.948756,False,False,False
5326,penmanshiel,P13,2022-11-09 22:54:12,12.507778,21.719963,1.375839,3.52696,20.344124,18.193003,False,False,False
5593,penmanshiel,P14,2023-01-01 16:57:19,0.025278,0.0,0.0,0.0,0.0,0.0,False,False,True
5594,penmanshiel,P14,2023-01-01 17:06:57,0.020556,0.0,0.0,0.0,0.0,0.0,False,False,True
5595,penmanshiel,P14,2023-01-01 17:10:15,0.029444,0.0,0.0,0.0,0.0,0.0,False,False,True
5602,penmanshiel,P14,2023-01-24 07:59:03,0.030278,0.0,0.0,0.0,0.0,0.0,False,False,True
5603,penmanshiel,P14,2023-01-24 10:02:38,0.030278,0.0,0.0,0.0,0.0,0.0,False,False,True
5604,penmanshiel,P14,2023-01-24 15:10:04,0.03,0.0,0.0,0.0,0.0,0.0,False,False,True
5605,penmanshiel,P14,2023-01-24 16:11:21,0.030278,0.0,0.0,0.0,0.0,0.0,False,False,True
5611,penmanshiel,P14,2023-03-19 12:35:40,0.025278,0.0,0.0,0.0,0.0,0.0,False,False,True
5612,penmanshiel,P14,2023-03-19 13:36:58,0.018889,0.0,0.0,0.0,0.0,0.0,False,False,True
5613,penmanshiel,P14,2023-03-19 18:23:40,0.025278,0.0,0.0,0.0,0.0,0.0,False,False,True
5880,penmanshiel,P15,2021-12-28 23:41:40,0.025278,0.0,0.0,0.0,0.0,0.0,False,False,True
5881,penmanshiel,P15,2021-12-30 14:30:36,0.030278,0.0,0.0,0.0,0.0,0.0,False,False,True
5882,penmanshiel,P15,2021-12-30 15:35:56,0.030278,0.0,0.0,0.0,0.0,0.0,False,False,True
5883,penmanshiel,P15,2021-12-30 16:38:19,0.030278,0.008943,0.051476,0.131958,0.0,0.0,True,True,False
5884,penmanshiel,P15,2021-12-30 17:40:21,0.030278,0.0,0.0,0.0,0.0,0.0,False,False,True
5885,penmanshiel,P15,2021-12-30 18:41:55,0.03,0.0,0.0,0.0,0.0,0.0,False,False,True
5886,penmanshiel,P15,2021-12-30 18:58:54,0.030278,0.006944,0.05363,0.137481,0.0,0.0,True,True,False
5887,penmanshiel,P15,2021-12-30 20:00:45,0.027778,0.0,0.0,0.0,0.0,0.0,False,False,True
5888,penmanshiel,P15,2021-12-30 21:02:32,0.029722,0.0,0.0,0.0,0.0,0.0,False,False,True
5889,penmanshiel,P15,2021-12-30 22:04:12,0.030278,0.0,0.0,0.0,0.0,0.0,False,False,True
5890,penmanshiel,P15,2021-12-30 23:05:37,0.463333,0.0,0.0,0.0,0.0,0.0,False,False,True
5891,penmanshiel,P15,2021-12-31 00:07:14,3.616667,0.99188,0.215801,0.553206,0.776079,0.438674,False,False,False
5892,penmanshiel,P15,2021-12-31 05:23:43,7.860556,1.602731,0.162007,0.415304,1.440725,1.187428,False,False,False
5949,penmanshiel,P15,2023-03-05 16:34:07,18.681667,8.044806,0.341246,0.874783,7.70356,7.170023,False,False,False
5986,penmanshiel,P15,2024-01-22 08:14:12,0.025278,0.0,0.0,0.0,0.0,0.0,False,False,True
5987,penmanshiel,P15,2024-01-22 08:21:53,0.014167,0.0,0.0,0.0,0.0,0.0,False,False,True
5988,penmanshiel,P15,2024-01-22 08:28:51,0.028611,0.212036,1.627089,4.171039,0.0,0.0,True,True,False
5989,penmanshiel,P15,2024-01-22 08:37:04,0.035,0.0,0.0,0.0,0.0,0.0,False,False,True
5990,penmanshiel,P15,2024-01-22 22:45:30,0.292778,0.52199,1.621714,4.15726,0.0,0.0,True,True,False
6015,penmanshiel,P15,2024-04-03 22:57:21,0.286389,0.350004,1.025778,2.629581,0.0,0.0,True,True,False
6017,penmanshiel,P15,2024-04-06 13:33:24,0.318333,0.511576,1.624785,4.165132,0.0,0.0,True,True,False
6021,penmanshiel,P15,2024-04-07 14:25:26,0.329722,0.684,1.624785,4.165132,0.0,0.0,True,True,False
6024,penmanshiel,P15,2024-04-15 20:54:24,0.1125,0.124381,1.393935,3.573349,0.0,0.0,True,True,False
6025,penmanshiel,P15,2024-04-17 08:00:00,120.678611,53.035168,0.347533,0.890899,52.687635,52.144268,False,False,False
