population,tier,tier_variant,sub_pop,rule,lookback_h,T_act_h,weight,control_offset_d,n_events,E_mwh,unwarned,short_lead,actionable_unacted,warned,n_controls_matched,p_control_warned,p_control_actionable,excess_warned,excess_actionable,enrichment_warned_x
all,T0,primary,all,same,24,6,energy,45,6050,12099.750652150327,0.8865437829841144,0.06969256966611281,0.0437636473497727,0.11345621701588553,6015,0.000456150220782122,0.0003620543795553149,0.11305163532351602,0.04341731239831971,248.72555541319653
all,T0,primary,all,same,24,6,count,45,6050,12099.750652150327,0.843801652892562,0.08181818181818182,0.0743801652892562,0.15619834710743802,6015,0.000997506234413965,0.0006650041562759767,0.15535580926131465,0.07376421464230179,156.58884297520663
all,T0,primary,all,same,48,6,energy,45,6050,12099.750652150327,0.8853315745341535,0.06783492642995462,0.04683349903589193,0.11466842546584655,6015,0.0007591491185285547,0.0006650532773017476,0.11399581617067991,0.046199170668451854,151.04861833747015
all,T0,primary,all,same,48,6,count,45,6050,12099.750652150327,0.8398347107438017,0.05834710743801653,0.10181818181818182,0.16016528925619836,6015,0.0021612635078969242,0.001828761429758936,0.15834625372809616,0.10017261219792865,74.1072472981564
all,T0,primary,all,same,72,1,energy,45,6050,12099.750652150327,0.8741476121775651,0.03198354382032023,0.09386884400211468,0.12585238782243488,6015,0.006666384401537231,0.006572288560310424,0.11998587538899563,0.08787408931374871,18.87865749137029
all,T0,primary,all,same,72,1,count,45,6050,12099.750652150327,0.8381818181818181,0.031074380165289257,0.13074380165289257,0.1618181818181818,6015,0.00515378221113882,0.004987531172069825,0.15747599659698588,0.12638662772634066,31.397947214076243
all,T0,primary,all,same,72,6,energy,45,6050,12099.750652150327,0.8741476121775651,0.0674518662600482,0.05840052156238669,0.12585238782243488,6015,0.006666384401537231,0.006572288560310422,0.11998587538899563,0.052171116635115866,18.87865749137029
all,T0,primary,all,same,72,6,count,45,6050,12099.750652150327,0.8381818181818181,0.04644628099173554,0.11537190082644629,0.1618181818181818,6015,0.00515378221113882,0.0048212801330008315,0.15747599659698588,0.11108619837472009,31.397947214076243
all,T0,primary,all,same,72,24,energy,45,6050,12099.750652150327,0.8741476121775651,0.10059125676468461,0.025261131057750286,0.12585238782243488,6015,0.006666384401537231,0.006210234180755107,0.11998587538899563,0.019169946735454954,18.87865749137029
all,T0,primary,all,same,72,24,count,45,6050,12099.750652150327,0.8381818181818181,0.06264462809917355,0.09917355371900827,0.1618181818181818,6015,0.00515378221113882,0.004156275976724855,0.15747599659698588,0.0954138440099891,31.397947214076243
all,T0,primary,all,any,72,6,energy,45,6050,12099.750652150327,0.5487879728678436,0.1103024296445081,0.34090959748764826,0.4512120271321564,6015,0.1371864284253685,0.13429498819422386,0.36395533062106616,0.23866629680524376,3.2890427450527486
all,T0,primary,all,any,72,6,count,45,6050,12099.750652150327,0.3725619834710744,0.23768595041322313,0.38975206611570246,0.6274380165289256,6015,0.17240232751454695,0.16109725685785536,0.5498271734474663,0.2725641453995145,3.6393825163177316
all,T0,primary,all,same,72,6,energy,30,6050,12099.750652150327,0.8741476121775651,0.0674518662600482,0.05840052156238669,0.12585238782243488,5981,0.0037135300289384823,0.00345759814616867,0.1225941147198798,0.05513355308716389,33.89023027731109
all,T0,primary,all,same,72,6,count,30,6050,12099.750652150327,0.8381818181818181,0.04644628099173554,0.11537190082644629,0.1618181818181818,5981,0.012539709078749373,0.012372512957699382,0.15117415263368528,0.10428971370289068,12.904460606060605
all,T0,primary,all,same,72,6,energy,60,6050,12099.750652150327,0.8741476121775651,0.0674518662600482,0.05840052156238669,0.12585238782243488,6011,0.01612010951788896,0.016050146689607917,0.1115301566441977,0.04304119232326277,7.807167047021162
all,T0,primary,all,same,72,6,count,60,6050,12099.750652150327,0.8381818181818181,0.04644628099173554,0.11537190082644629,0.1618181818181818,6011,0.003826318416236899,0.0033272334054233904,0.15859871257666847,0.11241871071069415,42.29083003952569
all,T1,primary,all,same,24,6,energy,45,4610,11708.188770154778,0.8827494189940088,0.07202332758907448,0.04522725341691676,0.11725058100599126,4577,0.00047175827299108733,0.00037444276259477645,0.11683394011081358,0.04486961175570435,248.5395333135078
all,T1,primary,all,same,24,6,count,45,4610,11708.188770154778,0.7950108459869848,0.10737527114967461,0.09761388286334056,0.20498915401301518,4577,0.0013109023377758358,0.0008739348918505571,0.20394560444488524,0.09682456633840143,156.3725596529284
all,T1,primary,all,same,48,6,energy,45,4610,11708.188770154778,0.8814966701469501,0.07010355840876678,0.04839977144428325,0.11850332985305004,4577,0.0007851248575210021,0.0006878093471246912,0.1178107011054489,0.04774480141785036,150.9356489198663
all,T1,primary,all,same,48,6,count,45,4610,11708.188770154778,0.7898047722342734,0.07657266811279827,0.1336225596529284,0.2101952277657267,4577,0.002840288398514311,0.002403320952589032,0.20794556474227238,0.13153536038796612,74.00488903721008
all,T1,primary,all,same,72,1,energy,45,4610,11708.188770154778,0.8699386778328266,0.03305318292992319,0.09700813923725024,0.1300613221671734,4577,0.006894487493553322,0.006797171983157012,0.1240219021267597,0.09082834312324713,18.864538123941337
all,T1,primary,all,same,72,1,count,45,4610,11708.188770154778,0.7876355748373102,0.040780911062906725,0.1715835140997831,0.2123644251626898,4577,0.006772995411841818,0.006554511688879178,0.20699339506591097,0.1661178236276022,31.354579805471975
all,T1,primary,all,same,72,6,energy,45,4610,11708.188770154778,0.8699386778328266,0.06970768739646702,0.0603536347707064,0.1300613221671734,4577,0.006894487493553322,0.00679717198315701,0.1240219021267597,0.05392298660132405,18.864538123941337
all,T1,primary,all,same,72,6,count,45,4610,11708.188770154778,0.7876355748373102,0.06095444685466377,0.15140997830802602,0.2123644251626898,4577,0.006772995411841818,0.00633602796591654,0.20699339506591097,0.14599900411517924,31.354579805471975
all,T1,primary,all,same,72,24,energy,45,4610,11708.188770154778,0.8699386778328266,0.10395537247756756,0.026105949689605855,0.1300613221671734,4577,0.006894487493553322,0.006422729220562234,0.1240219021267597,0.01981045767442184,18.864538123941337
all,T1,primary,all,same,72,24,count,45,4610,11708.188770154778,0.7876355748373102,0.08221258134490239,0.1301518438177874,0.2123644251626898,4577,0.006772995411841818,0.005462093074065982,0.20699339506591097,0.12537455825000285,31.354579805471975
all,T1,primary,all,any,72,6,energy,45,4610,11708.188770154778,0.5550557752144072,0.11351975790384104,0.3314244668817519,0.444944224785593,4577,0.1393858256812832,0.13752624214157974,0.3550469051316722,0.22481637611981883,3.1921769850758963
all,T1,primary,all,any,72,6,count,45,4610,11708.188770154778,0.39349240780911066,0.1841648590021692,0.4223427331887202,0.6065075921908893,4577,0.1863666156871313,0.17413152720122352,0.5163762753645812,0.30054568513353763,3.2543789559879257
all,T1,primary,all,same,72,6,energy,30,4610,11708.188770154778,0.8699386778328266,0.06970768739646702,0.0603536347707064,0.1300613221671734,4543,0.0038390051508027574,0.0035744256782923893,0.12670875257013917,0.05698289019836235,33.87891317102736
all,T1,primary,all,same,72,6,count,30,4610,11708.188770154778,0.7876355748373102,0.06095444685466377,0.15140997830802602,0.2123644251626898,4543,0.016508914813999558,0.0162887959498129,0.1991431476083482,0.13735858837622786,12.863621113521331
all,T1,primary,all,same,72,6,energy,60,4610,11708.188770154778,0.8699386778328266,0.06970768739646702,0.0603536347707064,0.1300613221671734,4571,0.016691819292418458,0.016619375188638784,0.1152939689703131,0.04447337935955065,7.791920095028117
all,T1,primary,all,same,72,6,count,60,4610,11708.188770154778,0.7876355748373102,0.06095444685466377,0.15140997830802602,0.2123644251626898,4571,0.005031721723911617,0.004375410194705754,0.20838121974904467,0.14768073189320743,42.20512119211544
all,T2,primary,all,same,24,6,energy,45,4213,9386.501584975991,0.853748287005485,0.08983780673060394,0.056413906263911164,0.14625171299451514,4180,0.0005918301163298453,0.00046974587714230056,0.14574613983307733,0.05597045227596729,247.11772679206567
all,T2,primary,all,same,24,6,count,45,4213,9386.501584975991,0.7756942796107287,0.1174934725848564,0.10681224780441491,0.2243057203892713,4180,0.0014354066985645933,0.0009569377990430622,0.22319068309227455,0.10595670398047279,156.266318537859
all,T2,primary,all,same,48,6,energy,45,4213,9386.501584975991,0.8521856792703055,0.08744319572940362,0.060371125000290994,0.1478143207296946,4180,0.000984954715926914,0.0008628704767393692,0.1469741288751225,0.05955964678436688,150.07219960421284
all,T2,primary,all,same,48,6,count,45,4213,9386.501584975991,0.7699976263944932,0.08378827438879659,0.1462140992167102,0.23000237360550677,4180,0.003110047846889952,0.002631578947368421,0.22760017318718942,0.14396136596926087,73.9546093593091
all,T2,primary,all,same,72,1,energy,45,4213,9386.501584975991,0.8377688963408324,0.04122866242492496,0.12100244123424282,0.16223110365916776,4180,0.008649271393744938,0.008527187154557393,0.15492179289699448,0.1134426003642914,18.75662079195383
all,T2,primary,all,same,72,1,count,45,4213,9386.501584975991,0.7676240208877284,0.04462378352717778,0.18775219558509376,0.23237597911227154,4180,0.007416267942583732,0.007177033492822967,0.22664053812708967,0.18188052470980526,31.333277183525645
all,T2,primary,all,same,72,6,energy,45,4213,9386.501584975991,0.8377688963408324,0.08694940872061467,0.07528169493855308,0.16223110365916776,4180,0.008649271393744938,0.008527187154557391,0.15492179289699448,0.06732863162673713,18.75662079195383
all,T2,primary,all,same,72,6,count,45,4213,9386.501584975991,0.7676240208877284,0.06669831474009019,0.16567766437218134,0.23237597911227154,4180,0.007416267942583732,0.006937799043062201,0.22664053812708967,0.15984886462917805,31.333277183525645
all,T2,primary,all,same,72,24,energy,45,4213,9386.501584975991,0.8377688963408324,0.12966802526164242,0.03256307839752532,0.16223110365916776,4180,0.008649271393744938,0.00805744127741509,0.15492179289699448,0.024704693739190278,18.75662079195383
all,T2,primary,all,same,72,24,count,45,4213,9386.501584975991,0.7676240208877284,0.089959648706385,0.14241633040588655,0.23237597911227154,4180,0.007416267942583732,0.005980861244019139,0.22664053812708967,0.13725638052866565,31.333277183525645
all,T2,primary,all,any,72,6,energy,45,4213,9386.501584975991,0.529025299394259,0.12766036752556773,0.34331433308017334,0.47097470060574115,4180,0.16521840958821304,0.16349711468826325,0.3662710037324882,0.21496305816673686,2.8506187765612125
all,T2,primary,all,any,72,6,count,45,4213,9386.501584975991,0.37051981960598146,0.1967718965107999,0.43270828388321864,0.6294801803940185,4180,0.18516746411483254,0.17272727272727273,0.5452810199785665,0.3142627607379566,3.399518286882426
all,T2,primary,all,same,72,6,energy,30,4213,9386.501584975991,0.8377688963408324,0.08694940872061467,0.07528169493855308,0.16223110365916776,4152,0.0047986294827980286,0.004467913891789791,0.15819157694141112,0.07113159086975539,33.80779954791854
all,T2,primary,all,same,72,6,count,30,4213,9386.501584975991,0.7676240208877284,0.06669831474009019,0.16567766437218134,0.23237597911227154,4152,0.018063583815028903,0.017822736030828516,0.21825486025856058,0.1505379260601513,12.864334203655352
all,T2,primary,all,same,72,6,energy,60,4213,9386.501584975991,0.8377688963408324,0.08694940872061467,0.07528169493855308,0.16223110365916776,4174,0.021136544481593245,0.021044809842298187,0.14414120619392287,0.055402827056382185,7.675384394097469
all,T2,primary,all,same,72,6,count,60,4213,9386.501584975991,0.7676240208877284,0.06669831474009019,0.16567766437218134,0.23237597911227154,4174,0.005510301868711069,0.004791566842357451,0.2281227021957652,0.1616607056065202,42.17118855715745
all,T1_narrow,sensitivity,all,same,24,6,energy,45,4635,11957.333359697524,0.885192467707265,0.07052263994828627,0.044284892344448636,0.11480753229273492,4602,0.00046170615592007404,0.0003664642220974751,0.11439864469529959,0.04393452855518135,248.65930596907452
all,T1_narrow,sensitivity,all,same,24,6,count,45,4635,11957.333359697524,0.7961165048543689,0.10679611650485436,0.0970873786407767,0.20388349514563106,4602,0.001303780964797914,0.000869187309865276,0.2028441785596593,0.09630189571658425,156.37864077669903
all,T1_narrow,sensitivity,all,same,48,6,energy,45,4635,11957.333359697524,0.883965821301939,0.06864287133416305,0.047391307363897885,0.11603417869806094,4602,0.0007683955971455029,0.000673153663322904,0.11535442093006937,0.04674962338081274,151.00838569236203
all,T1_narrow,sensitivity,all,same,48,6,count,45,4635,11957.333359697524,0.7909385113268609,0.0761596548004315,0.13290183387270765,0.20906148867313915,4602,0.002824858757062147,0.0023902651021295088,0.20682086966088176,0.13082427346595527,74.00776699029126
all,T1_narrow,sensitivity,all,same,72,1,energy,45,4635,11957.333359697524,0.8726486528541759,0.032364482410632375,0.09498686473519173,0.12735134714582408,4602,0.006747581335468535,0.006652339401645936,0.12142307790451921,0.08892609187838275,18.87362905525927
all,T1_narrow,sensitivity,all,same,72,1,count,45,4635,11957.333359697524,0.7887810140237325,0.040560949298813376,0.17065803667745416,0.21121898597626754,4602,0.006736201651455889,0.00651890482398957,0.20586956321653538,0.16521616027769992,31.35579914396075
all,T1_narrow,sensitivity,all,same,72,6,energy,45,4635,11957.333359697524,0.8726486528541759,0.0682552487429706,0.059096098402853486,0.12735134714582408,4602,0.006747581335468535,0.0066523394016459346,0.12142307790451921,0.052794969054054515,18.87362905525927
all,T1_narrow,sensitivity,all,same,72,6,count,45,4635,11957.333359697524,0.7887810140237325,0.060625674217907224,0.1505933117583603,0.21121898597626754,4602,0.006736201651455889,0.006301607996523251,0.20586956321653538,0.14520673971396766,31.35579914396075
all,T1_narrow,sensitivity,all,same,72,24,energy,45,4635,11957.333359697524,0.8726486528541759,0.10178934449895627,0.02556200264686781,0.12735134714582408,4602,0.006747581335468535,0.006285875179548459,0.12142307790451921,0.01939806125911941,18.87362905525927
all,T1_narrow,sensitivity,all,same,72,24,count,45,4635,11957.333359697524,0.7887810140237325,0.08176914778856527,0.12944983818770225,0.21121898597626754,4602,0.006736201651455889,0.005432420686657975,0.20586956321653538,0.12469481217824029,31.35579914396075
all,T1_narrow,sensitivity,all,any,72,6,energy,45,4635,11957.333359697524,0.5500696980406553,0.11115444511735703,0.3387758568419877,0.4499303019593447,4602,0.1377213197549254,0.1348178342821917,0.36207433786451043,0.23573997551207018,3.2669618818639994
all,T1_narrow,sensitivity,all,any,72,6,count,45,4635,11957.333359697524,0.39568500539374324,0.1831715210355987,0.421143473570658,0.6043149946062567,4602,0.18622338113863537,0.1738374619730552,0.5137670507818407,0.2993430471783714,3.2451080573838897
all,T1_narrow,sensitivity,all,same,72,6,energy,30,4635,11957.333359697524,0.8726486528541759,0.0682552487429706,0.059096098402853486,0.12735134714582408,4568,0.0037582068151413165,0.0034991958636902518,0.12405938114237425,0.055792130130141095,33.886199831457496
all,T1_narrow,sensitivity,all,same,72,6,count,30,4635,11957.333359697524,0.7887810140237325,0.060625674217907224,0.1505933117583603,0.21121898597626754,4568,0.016418563922942206,0.016199649737302976,0.198052154003915,0.13660664176951265,12.864644372527868
all,T1_narrow,sensitivity,all,same,72,6,energy,60,4635,11957.333359697524,0.8726486528541759,0.0682552487429706,0.059096098402853486,0.12735134714582408,4596,0.016323460603954995,0.01625261521237006,0.11287032077641872,0.04355130580574038,7.801737035770972
all,T1_narrow,sensitivity,all,same,72,6,count,60,4635,11957.333359697524,0.7887810140237325,0.060625674217907224,0.1505933117583603,0.21121898597626754,4596,0.005004351610095736,0.004351610095735422,0.20725179522128265,0.14688086993912236,42.207063458561976
all,T2_narrow,sensitivity,all,same,24,6,energy,45,4238,9635.646174518737,0.8575298520758483,0.08751491077968088,0.0549552371444707,0.1424701479241516,4205,0.0005760952272255909,0.00045725682144866404,0.14197584430321042,0.05452291129613744,247.30312141322824
all,T2_narrow,sensitivity,all,same,24,6,count,45,4238,9635.646174518737,0.7770174610665408,0.11680037753657385,0.10618216139688533,0.22298253893345918,4205,0.001426872770511296,0.0009512485136741974,0.22187224963448343,0.1053311089440378,156.27359603586598
all,T2_narrow,sensitivity,all,same,48,6,energy,45,4238,9635.646174518737,0.8560076479893445,0.08518221616314257,0.058810135847512914,0.1439923520106555,4205,0.0009587678883218368,0.00083992948254491,0.14317085173752328,0.058018938181692764,150.18478796019136
all,T2_narrow,sensitivity,all,same,48,6,count,45,4238,9635.646174518737,0.771354412458707,0.08329400660689004,0.145351580934403,0.22864558754129305,4205,0.0030915576694411414,0.002615933412604043,0.2262535056324278,0.14311001378854665,73.95805350854903
all,T2_narrow,sensitivity,all,same,72,1,energy,45,4238,9635.646174518737,0.8419636333621144,0.04016263135744781,0.11787373528043776,0.15803636663788553,4205,0.008419314650318033,0.008300476244541107,0.1508874206588694,0.11049038182548941,18.770692532784224
all,T2_narrow,sensitivity,all,same,72,1,count,45,4238,9635.646174518737,0.7689948088721095,0.04436054742803209,0.18664464369985842,0.2310051911278905,4205,0.007372175980975029,0.007134363852556481,0.22529392158427877,0.18080017407374963,31.334736409444503
all,T2_narrow,sensitivity,all,same,72,6,energy,45,4238,9635.646174518737,0.8419636333621144,0.08470119678398616,0.0733351698538994,0.15803636663788553,4205,0.008419314650318033,0.008300476244541105,0.1508874206588694,0.0655790307966257,18.770692532784224
all,T2_narrow,sensitivity,all,same,72,6,count,45,4238,9635.646174518737,0.7689948088721095,0.06630486078338839,0.16470033034450213,0.2310051911278905,4205,0.007372175980975029,0.006896551724137931,0.22529392158427877,0.15889963819411673,31.334736409444503
all,T2_narrow,sensitivity,all,same,72,24,energy,45,4238,9635.646174518737,0.8419636333621144,0.12631525718096476,0.03172110945692078,0.15803636663788553,4205,0.008419314650318033,0.007843219423092442,0.1508874206588694,0.024066650050956775,18.770692532784224
all,T2_narrow,sensitivity,all,same,72,24,count,45,4238,9635.646174518737,0.7689948088721095,0.08942897593204342,0.1415762151958471,0.2310051911278905,4205,0.007372175980975029,0.005945303210463734,0.22529392158427877,0.1364421016503677,31.334736409444503
all,T2_narrow,sensitivity,all,any,72,6,energy,45,4238,9635.646174518737,0.5235108965459654,0.12435951055220318,0.35212959290183143,0.47648910345403456,4205,0.16245471075324822,0.1594272074590571,0.3749461631898305,0.22925127621637614,2.933058088895753
all,T2_narrow,sensitivity,all,any,72,6,count,45,4238,9635.646174518737,0.3730533270410571,0.19561113732892874,0.43133553563001414,0.6269466729589429,4205,0.1850178359096314,0.1724137931034483,0.5422558388655836,0.31286377221960043,3.388574241378348
all,T2_narrow,sensitivity,all,same,72,6,energy,30,4238,9635.646174518737,0.8419636333621144,0.08470119678398616,0.0733351698538994,0.15803636663788553,4177,0.004673049436772176,0.004350988666747546,0.1540833563426865,0.06928564223126843,33.81868066584082
all,T2_narrow,sensitivity,all,same,72,6,count,30,4238,9635.646174518737,0.7689948088721095,0.06630486078338839,0.16470033034450213,0.2310051911278905,4177,0.017955470433325352,0.017716064160881013,0.21694507151175005,0.14963521322178538,12.865449111215982
all,T2_narrow,sensitivity,all,same,72,6,energy,60,4238,9635.646174518737,0.8419636333621144,0.08470119678398616,0.0733351698538994,0.15803636663788553,4199,0.020549343269844478,0.020460157140377994,0.14037156688120894,0.05397944054951416,7.6905799159917185
all,T2_narrow,sensitivity,all,same,72,6,count,60,4238,9635.646174518737,0.7689948088721095,0.06630486078338839,0.16470033034450213,0.2310051911278905,4199,0.005477494641581329,0.004763038818766373,0.22676982699856613,0.16070272484244183,42.17351293678314
per_farm,T0,primary,kelmarsh,same,72,6,energy,45,1202,2516.2846067996215,0.9180047338720566,0.05956763177722627,0.022427634350717193,0.08199526612794346,1201,0.011712764877720019,0.011712764877720019,0.07111545991133583,0.010841857601926259,7.000504747082781
per_farm,T0,primary,kelmarsh,same,72,6,count,45,1202,2516.2846067996215,0.7371048252911814,0.06988352745424292,0.1930116472545757,0.2628951747088186,1201,0.010824313072439634,0.010824313072439634,0.25482921281590165,0.18418096662689007,24.28746960194547
per_farm,T0,primary,penmanshiel,same,72,6,energy,45,4848,9583.466045350706,0.8626322585783395,0.06952199180456853,0.06784574961709205,0.13736774142166058,4814,0.005322820009994392,0.005203671792661328,0.13275153393284136,0.06296975174537904,25.807324155942162
per_farm,T0,primary,penmanshiel,same,72,6,count,45,4848,9583.466045350706,0.8632425742574258,0.040635313531353134,0.09612211221122112,0.13675742574257427,4814,0.003739094308267553,0.0033236393851267137,0.13351756620616193,0.09310793000934107,36.57501375137514
per_farm,T1,primary,kelmarsh,same,72,6,energy,45,1181,2493.299854376065,0.9172488517070829,0.060116762386789376,0.022634385906127798,0.08275114829291717,1180,0.011821958345300499,0.011821958345300499,0.0717777434406922,0.01094178083811895,6.999783443308499
per_farm,T1,primary,kelmarsh,same,72,6,count,45,1181,2493.299854376065,0.7324301439458086,0.07112616426756986,0.1964436917866215,0.26756985605419137,1180,0.011016949152542373,0.011016949152542373,0.25941082274545485,0.18749233616813485,24.287110011072755
per_farm,T1,primary,penmanshiel,same,72,6,energy,45,3429,9214.888915778716,0.857137823616428,0.07230273245327876,0.07055944393029306,0.14286217638357185,3397,0.005541338903200882,0.005417299268061042,0.1380860189089392,0.06549696130275767,25.78116568561605
per_farm,T1,primary,penmanshiel,same,72,6,count,45,3429,9214.888915778716,0.8066491688538933,0.057451151939340916,0.13589967920676582,0.19335083114610674,3397,0.005298793052693553,0.0047100382690609364,0.18905379502909875,0.13181047331126397,36.48959852240692
per_farm,T2,primary,kelmarsh,same,72,6,energy,45,1077,2393.165493327394,0.9137863943954349,0.06263215616406895,0.023581449440496203,0.08621360560456516,1076,0.012322426886202408,0.012322426886202408,0.07481305714516737,0.01139949196051712,6.996479378676593
per_farm,T2,primary,kelmarsh,same,72,6,count,45,1077,2393.165493327394,0.7065923862581244,0.07799442896935933,0.21541318477251625,0.2934076137418756,1076,0.012081784386617101,0.012081784386617101,0.28476631456844603,0.20581804968506817,24.285122491250622
per_farm,T2,primary,penmanshiel,same,72,6,energy,45,3136,6993.336091648598,0.8117552097613173,0.09527093208917534,0.09297385814950743,0.1882447902386828,3104,0.007363349435083773,0.0071985251582637145,0.18222321400349079,0.08639726588330991,25.56510347611136
per_farm,T2,primary,penmanshiel,same,72,6,count,45,3136,6993.336091648598,0.7885841836734694,0.0628188775510204,0.1485969387755102,0.21141581632653061,3104,0.005798969072164949,0.005154639175257732,0.2068161678151494,0.14418552395051282,36.45748299319728
manual_only,manual,reported_separately,manual_only,same,72,6,energy,45,397,2321.6871851787873,1.0,0.0,0.0,0.0,397,0.0,0.0,0.0,0.0,
manual_only,manual,reported_separately,manual_only,same,72,6,count,45,397,2321.6871851787873,1.0,0.0,0.0,0.0,397,0.0,0.0,0.0,0.0,
manual_only,manual,reported_separately,manual_only,any,72,6,energy,45,397,2321.6871851787873,0.6602960953157924,0.05634975865751992,0.2833541460266879,0.33970390468420786,397,0.037890463971475705,0.03548754897245234,0.3136996666290023,0.2569864150433411,8.965419503438651
manual_only,manual,reported_separately,manual_only,any,72,6,count,45,397,2321.6871851787873,0.6372795969773299,0.05037783375314862,0.3123425692695214,0.36272040302267,397,0.19899244332493704,0.1889168765743073,0.2044025157232704,0.15217391304347827,1.822784810126582
per_family,T2,primary,anemometry,same,72,6,energy,45,853,395.2717088257755,0.16020800607977229,0.5001287842031479,0.33966320971707975,0.8397919939202276,847,0.0,0.0,0.8397919939202276,0.33966320971707975,
per_family,T2,primary,anemometry,same,72,6,count,45,853,395.2717088257755,0.0023446658851113715,0.2731535756154748,0.7245017584994138,0.9976553341148886,847,0.0,0.0,0.9976553341148886,0.7245017584994138,
per_family,T2,primary,brake_hydraulic,same,72,6,energy,45,30,217.5347389966022,0.3243921447424019,0.00969990947135666,0.6659079457862414,0.6756078552575981,30,0.133740671784971,0.133740671784971,0.6255253661616226,0.61432790005024,5.051626003074399
per_family,T2,primary,brake_hydraulic,same,72,6,count,45,30,217.5347389966022,0.8666666666666667,0.06666666666666667,0.06666666666666667,0.13333333333333333,30,0.16666666666666666,0.16666666666666666,-0.03999999999999999,-0.11999999999999998,0.8
per_family,T2,primary,control,same,72,6,energy,45,236,659.3709661954226,0.6095928220266678,0.0,0.3904071779733323,0.3904071779733323,235,0.0,0.0,0.3904071779733323,0.3904071779733323,
per_family,T2,primary,control,same,72,6,count,45,236,659.3709661954226,0.9872881355932204,0.0,0.012711864406779662,0.012711864406779662,235,0.0,0.0,0.012711864406779662,0.012711864406779662,
per_family,T2,primary,converter,same,72,6,energy,45,977,1741.3485003248225,1.0,0.0,0.0,0.0,973,0.0,0.0,0.0,0.0,
per_family,T2,primary,converter,same,72,6,count,45,977,1741.3485003248225,1.0,0.0,0.0,0.0,973,0.0,0.0,0.0,0.0,
per_family,T2,primary,drivetrain,same,72,6,energy,45,494,1009.6953479997076,0.811713923406952,0.1686567243685674,0.01962935222448045,0.18828607659304789,486,0.00021014377091153148,0.00021014377091153148,0.1881154641151323,0.01942329013700182,895.9869511065094
per_family,T2,primary,drivetrain,same,72,6,count,45,494,1009.6953479997076,0.9331983805668016,0.02834008097165992,0.038461538461538464,0.06680161943319839,486,0.012345679012345678,0.012345679012345678,0.05513663967611337,0.026442307692307696,5.41093117408907
per_family,T2,primary,electrical,same,72,6,energy,45,8,673.4283897637196,0.996975052724744,0.0022112195956275043,0.0008137276796286818,0.003024947275256186,8,0.0,0.0,0.003024947275256186,0.0008137276796286818,
per_family,T2,primary,electrical,same,72,6,count,45,8,673.4283897637196,0.75,0.125,0.125,0.25,8,0.0,0.0,0.25,0.125,
per_family,T2,primary,external,same,72,6,energy,45,19,15.31417527966697,1.0,0.0,0.0,0.0,13,0.0,0.0,0.0,0.0,
per_family,T2,primary,external,same,72,6,count,45,19,15.31417527966697,1.0,0.0,0.0,0.0,13,0.0,0.0,0.0,0.0,
per_family,T2,primary,generator,same,72,6,energy,45,52,843.1274228990599,0.9756660959108826,0.0,0.024333904089117432,0.024333904089117432,46,0.001553558370328173,0.00011110722584419063,0.022815791382467154,0.024225488490094097,15.663334287193308
per_family,T2,primary,generator,same,72,6,count,45,52,843.1274228990599,0.9807692307692307,0.0,0.019230769230769232,0.019230769230769232,46,0.08695652173913043,0.06521739130434782,-0.07417582417582416,-0.04919499105545617,0.22115384615384617
per_family,T2,primary,pitch,same,72,6,energy,45,307,2254.895881278323,0.7582158939601279,0.19249390757520904,0.04929019846466289,0.24178410603987194,307,0.019478679087374835,0.019478679087374835,0.22672166551726303,0.030403744152693014,12.41275678680825
per_family,T2,primary,pitch,same,72,6,count,45,307,2254.895881278323,0.8501628664495114,0.06840390879478828,0.08143322475570032,0.1498371335504886,307,0.013029315960912053,0.009771986970684038,0.13861386138613863,0.07236842105263157,11.5
per_family,T2,primary,safety,same,72,6,energy,45,60,481.4906448454558,1.0,0.0,0.0,0.0,60,0.0,0.0,0.0,0.0,
per_family,T2,primary,safety,same,72,6,count,45,60,481.4906448454558,1.0,0.0,0.0,0.0,60,0.0,0.0,0.0,0.0,
per_family,T2,primary,tower,same,72,6,energy,45,1130,1024.3131202950617,0.9728315021537085,0.010269524720769724,0.016898973125521948,0.02716849784629167,1128,0.0037883196221567294,0.0037883196221567294,0.023469086625512465,0.013160509720577267,7.171648793146013
per_family,T2,primary,tower,same,72,6,count,45,1130,1024.3131202950617,0.9716814159292035,0.007964601769911504,0.020353982300884955,0.02831858407079646,1128,0.008865248226950355,0.008865248226950355,0.019627337058907342,0.011591495559390187,3.1943362831858404
per_family,T2,primary,yaw,same,72,6,energy,45,47,70.71068827237555,0.989352642025887,0.0,0.010647357974112866,0.010647357974112866,47,0.008404090329162233,0.008404090329162233,0.0022622800508478196,0.0022622800508478196,1.2669256941666232
per_family,T2,primary,yaw,same,72,6,count,45,47,70.71068827237555,0.851063829787234,0.02127659574468085,0.1276595744680851,0.14893617021276595,47,0.0425531914893617,0.0425531914893617,0.11111111111111109,0.08888888888888886,3.5
