metric,scope,weight,stat,value,n_events,E_mwh
duration_quantile,overall,count,p10,0.029722222222222223,4213,9386.501584975991
duration_quantile,overall,count,p25,0.03333333333333333,4213,9386.501584975991
duration_quantile,overall,count,p50,0.17555555555555555,4213,9386.501584975991
duration_quantile,overall,count,p75,0.346527777777778,4213,9386.501584975991
duration_quantile,overall,count,p90,2.0971111111111114,4213,9386.501584975991
share_duration_ge,overall,count,ge_1h,0.14431521481129836,608,8705.060350312691
share_duration_ge,overall,count,ge_6h,0.062425824827913604,263,7855.787909566314
share_duration_ge,overall,count,ge_24h,0.0275338238784714,116,6396.288125443973
share_duration_ge,overall,count,ge_72h,0.008307619273676715,35,4027.3984663144133
share_duration_ge,overall,count,ge_168h,0.002136244956088298,9,2296.8364049641027
duration_quantile,overall,energy,p10,2.0071422318657457,4213,9386.501584975991
duration_quantile,overall,energy,p25,17.396499203941495,4213,9386.501584975991
duration_quantile,overall,energy,p50,52.94378014739453,4213,9386.501584975991
duration_quantile,overall,energy,p75,167.28781332546134,4213,9386.501584975991
duration_quantile,overall,energy,p90,595.8663708155032,4213,9386.501584975991
share_duration_ge,overall,energy,ge_1h,0.9274020007886631,608,8705.060350312691
share_duration_ge,overall,energy,ge_6h,0.8369239421575624,263,7855.787909566314
share_duration_ge,overall,energy,ge_24h,0.6814347249119793,116,6396.288125443973
share_duration_ge,overall,energy,ge_72h,0.4290627801907216,35,4027.3984663144133
share_duration_ge,overall,energy,ge_168h,0.24469568179058457,9,2296.8364049641027
duration_quantile,family:anemometry,count,p10,0.023055555555555555,853,395.2717088257755
duration_quantile,family:anemometry,count,p25,0.028263888888888887,853,395.2717088257755
duration_quantile,family:anemometry,count,p50,0.03027777777777778,853,395.2717088257755
duration_quantile,family:anemometry,count,p75,0.052013888888888894,853,395.2717088257755
duration_quantile,family:anemometry,count,p90,0.4168333333333332,853,395.2717088257755
share_duration_ge,family:anemometry,count,ge_1h,0.04572098475967175,39,388.9186045215748
share_duration_ge,family:anemometry,count,ge_6h,0.022274325908558032,19,378.0782449898566
share_duration_ge,family:anemometry,count,ge_24h,0.009378663540445486,8,328.07090717785525
share_duration_ge,family:anemometry,count,ge_72h,0.0023446658851113715,2,152.50548790331297
share_duration_ge,family:anemometry,count,ge_168h,0.0,0,0.0
duration_quantile,family:anemometry,energy,p10,14.773476937792893,853,395.2717088257755
duration_quantile,family:anemometry,energy,p25,29.67607752247561,853,395.2717088257755
duration_quantile,family:anemometry,energy,p50,64.52885040090544,853,395.2717088257755
duration_quantile,family:anemometry,energy,p75,137.28673824432488,853,395.2717088257755
duration_quantile,family:anemometry,energy,p90,167.28944444444446,853,395.2717088257755
share_duration_ge,family:anemometry,energy,ge_1h,0.9839272476062765,39,388.9186045215748
share_duration_ge,family:anemometry,energy,ge_6h,0.9565021643289496,19,378.0782449898566
share_duration_ge,family:anemometry,energy,ge_24h,0.8299883342332997,8,328.07090717785525
share_duration_ge,family:anemometry,energy,ge_72h,0.3858244455601376,2,152.50548790331297
share_duration_ge,family:anemometry,energy,ge_168h,0.0,0,0.0
duration_quantile,family:brake_hydraulic,count,p10,0.06763888888888889,30,217.5347389966022
duration_quantile,family:brake_hydraulic,count,p25,0.13944444444444445,30,217.5347389966022
duration_quantile,family:brake_hydraulic,count,p50,0.529861111111111,30,217.5347389966022
duration_quantile,family:brake_hydraulic,count,p75,2.2705555555555557,30,217.5347389966022
duration_quantile,family:brake_hydraulic,count,p90,25.91194444444445,30,217.5347389966022
share_duration_ge,family:brake_hydraulic,count,ge_1h,0.43333333333333335,13,215.09801391075544
share_duration_ge,family:brake_hydraulic,count,ge_6h,0.2,6,209.13163061984397
share_duration_ge,family:brake_hydraulic,count,ge_24h,0.13333333333333333,4,202.82239991885476
share_duration_ge,family:brake_hydraulic,count,ge_72h,0.06666666666666667,2,177.8719419817956
share_duration_ge,family:brake_hydraulic,count,ge_168h,0.0,0,0.0
duration_quantile,family:brake_hydraulic,energy,p10,22.9034875177669,30,217.5347389966022
duration_quantile,family:brake_hydraulic,energy,p25,67.30274733586809,30,217.5347389966022
duration_quantile,family:brake_hydraulic,energy,p50,127.15087671671048,30,217.5347389966022
duration_quantile,family:brake_hydraulic,energy,p75,163.8763888888889,30,217.5347389966022
duration_quantile,family:brake_hydraulic,energy,p90,163.8763888888889,30,217.5347389966022
share_duration_ge,family:brake_hydraulic,energy,ge_1h,0.988798455377351,13,215.09801391075544
share_duration_ge,family:brake_hydraulic,energy,ge_6h,0.9613711887328052,6,209.13163061984397
share_duration_ge,family:brake_hydraulic,energy,ge_24h,0.9323678638841347,4,202.82239991885476
share_duration_ge,family:brake_hydraulic,energy,ge_72h,0.8176714340074847,2,177.8719419817956
share_duration_ge,family:brake_hydraulic,energy,ge_168h,0.0,0,0.0
duration_quantile,family:control,count,p10,0.06680555555555556,236,659.3709661954226
duration_quantile,family:control,count,p25,0.15486111111111112,236,659.3709661954226
duration_quantile,family:control,count,p50,0.2856944444444445,236,659.3709661954226
duration_quantile,family:control,count,p75,0.6783333333333332,236,659.3709661954226
duration_quantile,family:control,count,p90,5.61994444444444,236,659.3709661954226
share_duration_ge,family:control,count,ge_1h,0.211864406779661,50,622.4780497516817
share_duration_ge,family:control,count,ge_6h,0.09322033898305085,22,564.4313883541535
share_duration_ge,family:control,count,ge_24h,0.01694915254237288,4,361.56202859369824
share_duration_ge,family:control,count,ge_72h,0.00423728813559322,1,210.14969229268868
share_duration_ge,family:control,count,ge_168h,0.00423728813559322,1,210.14969229268868
duration_quantile,family:control,energy,p10,3.2048649299140126,236,659.3709661954226
duration_quantile,family:control,energy,p25,15.263876836699861,236,659.3709661954226
duration_quantile,family:control,energy,p50,37.19968489334601,236,659.3709661954226
duration_quantile,family:control,energy,p75,200.9002067530726,236,659.3709661954226
duration_quantile,family:control,energy,p90,283.2966666666667,236,659.3709661954226
share_duration_ge,family:control,energy,ge_1h,0.9440483152350286,50,622.4780497516817
share_duration_ge,family:control,energy,ge_6h,0.856014925271776,22,564.4313883541535
share_duration_ge,family:control,energy,ge_24h,0.5483438718570138,4,361.56202859369824
share_duration_ge,family:control,energy,ge_72h,0.31871238356953235,1,210.14969229268868
share_duration_ge,family:control,energy,ge_168h,0.31871238356953235,1,210.14969229268868
duration_quantile,family:converter,count,p10,0.03333333333333333,977,1741.3485003248225
duration_quantile,family:converter,count,p25,0.03333333333333333,977,1741.3485003248225
duration_quantile,family:converter,count,p50,0.03333333333333333,977,1741.3485003248225
duration_quantile,family:converter,count,p75,0.18118055555555546,977,1741.3485003248225
duration_quantile,family:converter,count,p90,1.679277777777778,977,1741.3485003248225
share_duration_ge,family:converter,count,ge_1h,0.1330603889457523,130,1671.3589369015697
share_duration_ge,family:converter,count,ge_6h,0.05322415557830092,52,1530.6631771525888
share_duration_ge,family:converter,count,ge_24h,0.022517911975435005,22,1246.92432697373
share_duration_ge,family:converter,count,ge_72h,0.006141248720573183,6,794.843824817381
share_duration_ge,family:converter,count,ge_168h,0.0010235414534288639,1,395.212302544104
duration_quantile,family:converter,energy,p10,3.7685035522809454,977,1741.3485003248225
duration_quantile,family:converter,energy,p25,20.948855761620077,977,1741.3485003248225
duration_quantile,family:converter,energy,p50,60.31798590559476,977,1741.3485003248225
duration_quantile,family:converter,energy,p75,134.69221914895547,977,1741.3485003248225
duration_quantile,family:converter,energy,p90,389.5577777777778,977,1741.3485003248225
share_duration_ge,family:converter,energy,ge_1h,0.9598072623543207,130,1671.3589369015697
share_duration_ge,family:converter,energy,ge_6h,0.8790102480158719,52,1530.6631771525888
share_duration_ge,family:converter,energy,ge_24h,0.7160682234148621,22,1246.92432697373
share_duration_ge,family:converter,energy,ge_72h,0.45645304467722275,6,794.843824817381
share_duration_ge,family:converter,energy,ge_168h,0.22695761501525,1,395.212302544104
duration_quantile,family:drivetrain,count,p10,0.02861111111111111,494,1009.6953479997076
duration_quantile,family:drivetrain,count,p25,0.03,494,1009.6953479997076
duration_quantile,family:drivetrain,count,p50,0.04305555555555555,494,1009.6953479997076
duration_quantile,family:drivetrain,count,p75,0.5308333333333334,494,1009.6953479997076
duration_quantile,family:drivetrain,count,p90,3.5590277777777835,494,1009.6953479997076
share_duration_ge,family:drivetrain,count,ge_1h,0.1882591093117409,93,963.9052945161877
share_duration_ge,family:drivetrain,count,ge_6h,0.07894736842105263,39,847.6658432166885
share_duration_ge,family:drivetrain,count,ge_24h,0.022267206477732792,11,625.6012501956534
share_duration_ge,family:drivetrain,count,ge_72h,0.010121457489878543,5,374.37732232741945
share_duration_ge,family:drivetrain,count,ge_168h,0.0020242914979757085,1,199.55244503478767
duration_quantile,family:drivetrain,energy,p10,3.2412334286393865,494,1009.6953479997076
duration_quantile,family:drivetrain,energy,p25,12.973838953378062,494,1009.6953479997076
duration_quantile,family:drivetrain,energy,p50,37.31353078761296,494,1009.6953479997076
duration_quantile,family:drivetrain,energy,p75,98.89271930746705,494,1009.6953479997076
duration_quantile,family:drivetrain,energy,p90,367.78256193919174,494,1009.6953479997076
share_duration_ge,family:drivetrain,energy,ge_1h,0.9546496340958351,93,963.9052945161877
share_duration_ge,family:drivetrain,energy,ge_6h,0.839526343164784,39,847.6658432166885
share_duration_ge,family:drivetrain,energy,ge_24h,0.619594070067791,11,625.6012501956534
share_duration_ge,family:drivetrain,energy,ge_72h,0.37078245737102067,5,374.37732232741945
share_duration_ge,family:drivetrain,energy,ge_168h,0.19763629240257277,1,199.55244503478767
duration_quantile,family:electrical,count,p10,0.13722222222222225,8,673.4283897637196
duration_quantile,family:electrical,count,p25,0.3433333333333333,8,673.4283897637196
duration_quantile,family:electrical,count,p50,4.011388888888889,8,673.4283897637196
duration_quantile,family:electrical,count,p75,68.22472222222223,8,673.4283897637196
duration_quantile,family:electrical,count,p90,1058.323888888889,8,673.4283897637196
share_duration_ge,family:electrical,count,ge_1h,0.625,5,672.4069339570033
share_duration_ge,family:electrical,count,ge_6h,0.5,4,670.9178359053059
share_duration_ge,family:electrical,count,ge_24h,0.375,3,661.7024371552479
share_duration_ge,family:electrical,count,ge_72h,0.25,2,622.0417425189166
share_duration_ge,family:electrical,count,ge_168h,0.125,1,505.59119936371104
duration_quantile,family:electrical,energy,p10,66.06437688322869,8,673.4283897637196
duration_quantile,family:electrical,energy,p25,354.3733861106521,8,673.4283897637196
duration_quantile,family:electrical,energy,p50,1099.894474335992,8,673.4283897637196
duration_quantile,family:electrical,energy,p75,1471.503888888889,8,673.4283897637196
duration_quantile,family:electrical,energy,p90,1471.503888888889,8,673.4283897637196
share_duration_ge,family:electrical,energy,ge_1h,0.99848320055667,5,672.4069339570033
share_duration_ge,family:electrical,energy,ge_6h,0.9962719809610424,4,670.9178359053059
share_duration_ge,family:electrical,energy,ge_24h,0.9825876770467223,3,661.7024371552479
share_duration_ge,family:electrical,energy,ge_72h,0.9236939695060487,2,622.0417425189166
share_duration_ge,family:electrical,energy,ge_168h,0.7507720301799331,1,505.59119936371104
duration_quantile,family:external,count,p10,0.16716666666666666,19,15.31417527966697
duration_quantile,family:external,count,p25,0.21409722222222222,19,15.31417527966697
duration_quantile,family:external,count,p50,0.37472222222222223,19,15.31417527966697
duration_quantile,family:external,count,p75,0.8646527777777776,19,15.31417527966697
duration_quantile,family:external,count,p90,2.0454444444444446,19,15.31417527966697
share_duration_ge,family:external,count,ge_1h,0.21052631578947367,4,9.847073714341013
share_duration_ge,family:external,count,ge_6h,0.0,0,0.0
share_duration_ge,family:external,count,ge_24h,0.0,0,0.0
share_duration_ge,family:external,count,ge_72h,0.0,0,0.0
share_duration_ge,family:external,count,ge_168h,0.0,0,0.0
duration_quantile,family:external,energy,p10,0.3692327357679372,19,15.31417527966697
duration_quantile,family:external,energy,p25,0.6020769272899709,19,15.31417527966697
duration_quantile,family:external,energy,p50,1.7435503348746757,19,15.31417527966697
duration_quantile,family:external,energy,p75,2.1698030644992645,19,15.31417527966697
duration_quantile,family:external,energy,p90,3.527756403093576,19,15.31417527966697
share_duration_ge,family:external,energy,ge_1h,0.6430038532610522,4,9.847073714341013
share_duration_ge,family:external,energy,ge_6h,0.0,0,0.0
share_duration_ge,family:external,energy,ge_24h,0.0,0,0.0
share_duration_ge,family:external,energy,ge_72h,0.0,0,0.0
share_duration_ge,family:external,energy,ge_168h,0.0,0,0.0
duration_quantile,family:generator,count,p10,0.13847222222222225,52,843.1274228990599
duration_quantile,family:generator,count,p25,0.23333333333333334,52,843.1274228990599
duration_quantile,family:generator,count,p50,4.175833333333334,52,843.1274228990599
duration_quantile,family:generator,count,p75,13.069583333333334,52,843.1274228990599
duration_quantile,family:generator,count,p90,25.40872222222222,52,843.1274228990599
share_duration_ge,family:generator,count,ge_1h,0.5961538461538461,31,840.7137539721462
share_duration_ge,family:generator,count,ge_6h,0.36538461538461536,19,791.8736741653112
share_duration_ge,family:generator,count,ge_24h,0.11538461538461539,6,665.6735374281388
share_duration_ge,family:generator,count,ge_72h,0.019230769230769232,1,544.1055634852943
share_duration_ge,family:generator,count,ge_168h,0.019230769230769232,1,544.1055634852943
duration_quantile,family:generator,energy,p10,10.610080015697724,52,843.1274228990599
duration_quantile,family:generator,energy,p25,26.266973038517666,52,843.1274228990599
duration_quantile,family:generator,energy,p50,387.59629208012916,52,843.1274228990599
duration_quantile,family:generator,energy,p75,703.4855555555556,52,843.1274228990599
duration_quantile,family:generator,energy,p90,703.4855555555556,52,843.1274228990599
share_duration_ge,family:generator,energy,ge_1h,0.997137243005791,31,840.7137539721462
share_duration_ge,family:generator,energy,ge_6h,0.9392099612209093,19,791.8736741653112
share_duration_ge,family:generator,energy,ge_24h,0.7895289838151001,6,665.6735374281388
share_duration_ge,family:generator,energy,ge_72h,0.6453420309997854,1,544.1055634852943
share_duration_ge,family:generator,energy,ge_168h,0.6453420309997854,1,544.1055634852943
duration_quantile,family:pitch,count,p10,0.12744444444444444,307,2254.895881278323
duration_quantile,family:pitch,count,p25,0.17083333333333334,307,2254.895881278323
duration_quantile,family:pitch,count,p50,0.3358333333333333,307,2254.895881278323
duration_quantile,family:pitch,count,p75,5.043541666666666,307,2254.895881278323
duration_quantile,family:pitch,count,p90,42.18300000000002,307,2254.895881278323
share_duration_ge,family:pitch,count,ge_1h,0.3778501628664495,116,2223.7994756733287
share_duration_ge,family:pitch,count,ge_6h,0.24429967426710097,75,2159.4365960154396
share_duration_ge,family:pitch,count,ge_24h,0.1563517915309446,48,1864.6990833820164
share_duration_ge,family:pitch,count,ge_72h,0.048859934853420196,15,990.2432342837797
share_duration_ge,family:pitch,count,ge_168h,0.013029315960912053,4,442.22520224351706
duration_quantile,family:pitch,energy,p10,16.123019382698864,307,2254.895881278323
duration_quantile,family:pitch,energy,p25,30.03636566429777,307,2254.895881278323
duration_quantile,family:pitch,energy,p50,55.26268519391769,307,2254.895881278323
duration_quantile,family:pitch,energy,p75,121.81913898359322,307,2254.895881278323
duration_quantile,family:pitch,energy,p90,216.30483759429896,307,2254.895881278323
share_duration_ge,family:pitch,energy,ge_1h,0.9862093829417234,116,2223.7994756733287
share_duration_ge,family:pitch,energy,ge_6h,0.9576657680492251,75,2159.4365960154396
share_duration_ge,family:pitch,energy,ge_24h,0.826955736122459,48,1864.6990833820164
share_duration_ge,family:pitch,energy,ge_72h,0.43915253138978677,15,990.2432342837797
share_duration_ge,family:pitch,energy,ge_168h,0.19611779236246382,4,442.22520224351706
duration_quantile,family:safety,count,p10,0.13680555555555557,60,481.4906448454558
duration_quantile,family:safety,count,p25,0.2791666666666667,60,481.4906448454558
duration_quantile,family:safety,count,p50,0.6072222222222223,60,481.4906448454558
duration_quantile,family:safety,count,p75,17.835833333333333,60,481.4906448454558
duration_quantile,family:safety,count,p90,32.19138888888889,60,481.4906448454558
share_duration_ge,family:safety,count,ge_1h,0.4,24,476.11755627821594
share_duration_ge,family:safety,count,ge_6h,0.3,18,471.28047327384587
share_duration_ge,family:safety,count,ge_24h,0.13333333333333333,8,335.9993900226583
share_duration_ge,family:safety,count,ge_72h,0.016666666666666666,1,161.25965670382482
share_duration_ge,family:safety,count,ge_168h,0.0,0,0.0
duration_quantile,family:safety,energy,p10,17.808799956892322,60,481.4906448454558
duration_quantile,family:safety,energy,p25,22.696422856619765,60,481.4906448454558
duration_quantile,family:safety,energy,p50,42.282837350524154,60,481.4906448454558
duration_quantile,family:safety,energy,p75,98.83381699321937,60,481.4906448454558
duration_quantile,family:safety,energy,p90,136.77777777777777,60,481.4906448454558
share_duration_ge,family:safety,energy,ge_1h,0.9888407207393106,24,476.11755627821594
share_duration_ge,family:safety,energy,ge_6h,0.9787946626151229,18,471.28047327384587
share_duration_ge,family:safety,energy,ge_24h,0.6978316061166757,8,335.9993900226583
share_duration_ge,family:safety,energy,ge_72h,0.33491752836773053,1,161.25965670382482
share_duration_ge,family:safety,energy,ge_168h,0.0,0,0.0
duration_quantile,family:tower,count,p10,0.17527777777777778,1130,1024.3131202950617
duration_quantile,family:tower,count,p25,0.17666666666666667,1130,1024.3131202950617
duration_quantile,family:tower,count,p50,0.25833333333333336,1130,1024.3131202950617
duration_quantile,family:tower,count,p75,0.26694444444444443,1130,1024.3131202950617
duration_quantile,family:tower,count,p90,0.8040277777777778,1130,1024.3131202950617
share_duration_ge,family:tower,count,ge_1h,0.08938053097345133,101,555.3035905421439
share_duration_ge,family:tower,count,ge_6h,0.007079646017699115,8,168.17110047866012
share_duration_ge,family:tower,count,ge_24h,0.0008849557522123894,1,39.09481920149998
share_duration_ge,family:tower,count,ge_72h,0.0,0,0.0
share_duration_ge,family:tower,count,ge_168h,0.0,0,0.0
duration_quantile,family:tower,energy,p10,0.17777777777777778,1130,1024.3131202950617
duration_quantile,family:tower,energy,p25,0.26055555555555554,1130,1024.3131202950617
duration_quantile,family:tower,energy,p50,1.3286269174053127,1130,1024.3131202950617
duration_quantile,family:tower,energy,p75,4.170359225883813,1130,1024.3131202950617
duration_quantile,family:tower,energy,p90,10.50908052735491,1130,1024.3131202950617
share_duration_ge,family:tower,energy,ge_1h,0.5421228914671953,101,555.3035905421439
share_duration_ge,family:tower,energy,ge_6h,0.16417938728561543,8,168.17110047866012
share_duration_ge,family:tower,energy,ge_24h,0.03816686365419043,1,39.09481920149998
share_duration_ge,family:tower,energy,ge_72h,0.0,0,0.0
share_duration_ge,family:tower,energy,ge_168h,0.0,0,0.0
duration_quantile,family:yaw,count,p10,0.04116666666666667,47,70.71068827237555
duration_quantile,family:yaw,count,p25,0.09527777777777778,47,70.71068827237555
duration_quantile,family:yaw,count,p50,0.09638888888888889,47,70.71068827237555
duration_quantile,family:yaw,count,p75,0.09666666666666666,47,70.71068827237555
duration_quantile,family:yaw,count,p90,0.2395,47,70.71068827237555
share_duration_ge,family:yaw,count,ge_1h,0.0425531914893617,2,65.11306657374264
share_duration_ge,family:yaw,count,ge_6h,0.02127659574468085,1,64.1379453946193
share_duration_ge,family:yaw,count,ge_24h,0.02127659574468085,1,64.1379453946193
share_duration_ge,family:yaw,count,ge_72h,0.0,0,0.0
share_duration_ge,family:yaw,count,ge_168h,0.0,0,0.0
duration_quantile,family:yaw,energy,p10,2.2682111396523372,47,70.71068827237555
duration_quantile,family:yaw,energy,p25,14.636116477167521,47,70.71068827237555
duration_quantile,family:yaw,energy,p50,35.24929203969283,47,70.71068827237555
duration_quantile,family:yaw,energy,p75,39.08138888888889,47,70.71068827237555
duration_quantile,family:yaw,energy,p90,39.08138888888889,47,70.71068827237555
share_duration_ge,family:yaw,energy,ge_1h,0.9208376861349301,2,65.11306657374264
share_duration_ge,family:yaw,energy,ge_6h,0.9070473921504166,1,64.1379453946193
share_duration_ge,family:yaw,energy,ge_24h,0.9070473921504166,1,64.1379453946193
share_duration_ge,family:yaw,energy,ge_72h,0.0,0,0.0
share_duration_ge,family:yaw,energy,ge_168h,0.0,0,0.0
duration_quantile,warned:same,count,p10,0.02361111111111111,979,1522.7825116291824
duration_quantile,warned:same,count,p25,0.029722222222222223,979,1522.7825116291824
duration_quantile,warned:same,count,p50,0.03027777777777778,979,1522.7825116291824
duration_quantile,warned:same,count,p75,0.09555555555555556,979,1522.7825116291824
duration_quantile,warned:same,count,p90,0.6543888888888889,979,1522.7825116291824
share_duration_ge,warned:same,count,ge_1h,0.07967313585291114,78,1490.2442011693872
share_duration_ge,warned:same,count,ge_6h,0.045965270684371805,45,1450.9053670298706
share_duration_ge,warned:same,count,ge_24h,0.02553626149131767,25,1315.4132148592664
share_duration_ge,warned:same,count,ge_72h,0.009193054136874362,9,857.0012467343507
share_duration_ge,warned:same,count,ge_168h,0.0030643513789581204,3,427.25321886433966
duration_quantile,warned:same,energy,p10,14.260787922726482,979,1522.7825116291824
duration_quantile,warned:same,energy,p25,35.11878894179963,979,1522.7825116291824
duration_quantile,warned:same,energy,p50,118.24297722431743,979,1522.7825116291824
duration_quantile,warned:same,energy,p75,227.08155749343368,979,1522.7825116291824
duration_quantile,warned:same,energy,p90,275.19797774873786,979,1522.7825116291824
share_duration_ge,warned:same,energy,ge_1h,0.978632332449771,78,1490.2442011693872
share_duration_ge,warned:same,energy,ge_6h,0.9527988113532954,45,1450.9053670298706
share_duration_ge,warned:same,energy,ge_24h,0.8638221182694977,25,1315.4132148592664
share_duration_ge,warned:same,energy,ge_72h,0.5627863730963584,9,857.0012467343507
share_duration_ge,warned:same,energy,ge_168h,0.28057402524752756,3,427.25321886433966
duration_quantile,warned:any,count,p10,0.025555555555555557,2652,4420.804773719382
duration_quantile,warned:any,count,p25,0.03027777777777778,2652,4420.804773719382
duration_quantile,warned:any,count,p50,0.04652777777777778,2652,4420.804773719382
duration_quantile,warned:any,count,p75,0.2613888888888889,2652,4420.804773719382
duration_quantile,warned:any,count,p90,1.3525833333333332,2652,4420.804773719382
share_duration_ge,warned:any,count,ge_1h,0.11463046757164404,304,4119.624021650048
share_duration_ge,warned:any,count,ge_6h,0.049019607843137254,130,3715.4066016158113
share_duration_ge,warned:any,count,ge_24h,0.01847662141779789,49,2977.2734648682062
share_duration_ge,warned:any,count,ge_72h,0.005279034690799397,14,2045.3597315851732
share_duration_ge,warned:any,count,ge_168h,0.001885369532428356,5,1366.5710848937379
duration_quantile,warned:any,energy,p10,2.0989941357185224,2652,4420.804773719382
duration_quantile,warned:any,energy,p25,16.175427713470768,2652,4420.804773719382
duration_quantile,warned:any,energy,p50,51.87075785820291,2652,4420.804773719382
duration_quantile,warned:any,energy,p75,272.8637546113657,2652,4420.804773719382
duration_quantile,warned:any,energy,p90,589.8362392166529,2652,4420.804773719382
share_duration_ge,warned:any,energy,ge_1h,0.9318719628019358,304,4119.624021650048
share_duration_ge,warned:any,energy,ge_6h,0.8404367059371197,130,3715.4066016158113
share_duration_ge,warned:any,energy,ge_24h,0.6734686595000482,49,2977.2734648682062
share_duration_ge,warned:any,energy,ge_72h,0.4626668301989591,14,2045.3597315851732
share_duration_ge,warned:any,energy,ge_168h,0.3091226948128706,5,1366.5710848937379
