population,rule,hours_before_lo,hours_before_hi,n_warnings,n_anchors,rate_per_anchor_hour
events_warned,same,0,1,3595,979,3.672114402451481
events_warned,same,1,2,1380,979,1.4096016343207354
events_warned,same,2,3,881,979,0.8998978549540347
events_warned,same,3,4,735,979,0.7507660878447395
events_warned,same,4,5,809,979,0.8263534218590398
events_warned,same,5,6,583,979,0.5955056179775281
events_warned,same,6,7,528,979,0.5393258426966292
events_warned,same,7,8,464,979,0.473953013278856
events_warned,same,8,9,530,979,0.5413687436159347
events_warned,same,9,10,391,979,0.39938712972420837
events_warned,same,10,11,334,979,0.3411644535240041
events_warned,same,11,12,265,979,0.27068437180796734
events_warned,same,12,13,294,979,0.3003064351378958
events_warned,same,13,14,283,979,0.28907048008171604
events_warned,same,14,15,298,979,0.30439223697650664
events_warned,same,15,16,311,979,0.3176710929519918
events_warned,same,16,17,287,979,0.2931562819203269
events_warned,same,17,18,266,979,0.27170582226762
events_warned,same,18,19,258,979,0.2635342185903984
events_warned,same,19,20,311,979,0.3176710929519918
events_warned,same,20,21,272,979,0.27783452502553624
events_warned,same,21,22,254,979,0.25944841675178754
events_warned,same,22,23,232,979,0.236976506639428
events_warned,same,23,24,445,979,0.45454545454545453
events_warned,same,24,25,355,979,0.3626149131767109
events_warned,same,25,26,357,979,0.36465781409601633
events_warned,same,26,27,430,979,0.43922369765066394
events_warned,same,27,28,327,979,0.33401430030643514
events_warned,same,28,29,363,979,0.3707865168539326
events_warned,same,29,30,381,979,0.3891726251276813
events_warned,same,30,31,241,979,0.24616956077630234
events_warned,same,31,32,286,979,0.29213483146067415
events_warned,same,32,33,265,979,0.27068437180796734
events_warned,same,33,34,247,979,0.2522982635342186
events_warned,same,34,35,277,979,0.28294177732379977
events_warned,same,35,36,340,979,0.3472931562819203
events_warned,same,36,37,230,979,0.23493360572012256
events_warned,same,37,38,199,979,0.20326864147088866
events_warned,same,38,39,225,979,0.22982635342185903
events_warned,same,39,40,262,979,0.2676200204290092
events_warned,same,40,41,258,979,0.2635342185903984
events_warned,same,41,42,231,979,0.23595505617977527
events_warned,same,42,43,185,979,0.18896833503575078
events_warned,same,43,44,221,979,0.2257405515832482
events_warned,same,44,45,274,979,0.27987742594484166
events_warned,same,45,46,205,979,0.2093973442288049
events_warned,same,46,47,222,979,0.22676200204290092
events_warned,same,47,48,234,979,0.2390194075587334
events_warned,same,48,49,196,979,0.20020429009193055
events_warned,same,49,50,209,979,0.21348314606741572
events_warned,same,50,51,308,979,0.3146067415730337
events_warned,same,51,52,184,979,0.18794688457609807
events_warned,same,52,53,238,979,0.24310520939734423
events_warned,same,53,54,191,979,0.195097037793667
events_warned,same,54,55,172,979,0.17568947906026558
events_warned,same,55,56,231,979,0.23595505617977527
events_warned,same,56,57,152,979,0.15526046986721145
events_warned,same,57,58,177,979,0.1807967313585291
events_warned,same,58,59,151,979,0.15423901940755874
events_warned,same,59,60,181,979,0.18488253319713993
events_warned,same,60,61,150,979,0.15321756894790603
events_warned,same,61,62,136,979,0.13891726251276812
events_warned,same,62,63,240,979,0.24514811031664965
events_warned,same,63,64,228,979,0.23289070480081717
events_warned,same,64,65,240,979,0.24514811031664965
events_warned,same,65,66,414,979,0.42288049029622066
events_warned,same,66,67,332,979,0.3391215526046987
events_warned,same,67,68,299,979,0.3054136874361593
events_warned,same,68,69,296,979,0.3023493360572012
events_warned,same,69,70,316,979,0.32277834525025534
events_warned,same,70,71,235,979,0.24004085801838612
events_warned,same,71,72,277,979,0.28294177732379977
controls_of_warned,same,0,1,0,973,0.0
controls_of_warned,same,1,2,0,973,0.0
controls_of_warned,same,2,3,0,973,0.0
controls_of_warned,same,3,4,0,973,0.0
controls_of_warned,same,4,5,0,973,0.0
controls_of_warned,same,5,6,0,973,0.0
controls_of_warned,same,6,7,0,973,0.0
controls_of_warned,same,7,8,0,973,0.0
controls_of_warned,same,8,9,0,973,0.0
controls_of_warned,same,9,10,0,973,0.0
controls_of_warned,same,10,11,0,973,0.0
controls_of_warned,same,11,12,0,973,0.0
controls_of_warned,same,12,13,0,973,0.0
controls_of_warned,same,13,14,0,973,0.0
controls_of_warned,same,14,15,0,973,0.0
controls_of_warned,same,15,16,0,973,0.0
controls_of_warned,same,16,17,0,973,0.0
controls_of_warned,same,17,18,0,973,0.0
controls_of_warned,same,18,19,0,973,0.0
controls_of_warned,same,19,20,0,973,0.0
controls_of_warned,same,20,21,0,973,0.0
controls_of_warned,same,21,22,0,973,0.0
controls_of_warned,same,22,23,0,973,0.0
controls_of_warned,same,23,24,0,973,0.0
controls_of_warned,same,24,25,0,973,0.0
controls_of_warned,same,25,26,0,973,0.0
controls_of_warned,same,26,27,0,973,0.0
controls_of_warned,same,27,28,0,973,0.0
controls_of_warned,same,28,29,0,973,0.0
controls_of_warned,same,29,30,1,973,0.0010277492291880781
controls_of_warned,same,30,31,0,973,0.0
controls_of_warned,same,31,32,0,973,0.0
controls_of_warned,same,32,33,0,973,0.0
controls_of_warned,same,33,34,0,973,0.0
controls_of_warned,same,34,35,0,973,0.0
controls_of_warned,same,35,36,0,973,0.0
controls_of_warned,same,36,37,0,973,0.0
controls_of_warned,same,37,38,0,973,0.0
controls_of_warned,same,38,39,0,973,0.0
controls_of_warned,same,39,40,0,973,0.0
controls_of_warned,same,40,41,0,973,0.0
controls_of_warned,same,41,42,0,973,0.0
controls_of_warned,same,42,43,0,973,0.0
controls_of_warned,same,43,44,0,973,0.0
controls_of_warned,same,44,45,0,973,0.0
controls_of_warned,same,45,46,0,973,0.0
controls_of_warned,same,46,47,0,973,0.0
controls_of_warned,same,47,48,0,973,0.0
controls_of_warned,same,48,49,0,973,0.0
controls_of_warned,same,49,50,2,973,0.0020554984583761563
controls_of_warned,same,50,51,0,973,0.0
controls_of_warned,same,51,52,0,973,0.0
controls_of_warned,same,52,53,0,973,0.0
controls_of_warned,same,53,54,1,973,0.0010277492291880781
controls_of_warned,same,54,55,0,973,0.0
controls_of_warned,same,55,56,0,973,0.0
controls_of_warned,same,56,57,1,973,0.0010277492291880781
controls_of_warned,same,57,58,2,973,0.0020554984583761563
controls_of_warned,same,58,59,0,973,0.0
controls_of_warned,same,59,60,0,973,0.0
controls_of_warned,same,60,61,0,973,0.0
controls_of_warned,same,61,62,0,973,0.0
controls_of_warned,same,62,63,0,973,0.0
controls_of_warned,same,63,64,0,973,0.0
controls_of_warned,same,64,65,0,973,0.0
controls_of_warned,same,65,66,0,973,0.0
controls_of_warned,same,66,67,0,973,0.0
controls_of_warned,same,67,68,0,973,0.0
controls_of_warned,same,68,69,0,973,0.0
controls_of_warned,same,69,70,1,973,0.0010277492291880781
controls_of_warned,same,70,71,0,973,0.0
controls_of_warned,same,71,72,0,973,0.0
events_all,same,0,1,3595,4213,0.8533111796819368
events_all,same,1,2,1380,4213,0.327557559933539
events_all,same,2,3,881,4213,0.20911464514597675
events_all,same,3,4,735,4213,0.17446000474721102
events_all,same,4,5,809,4213,0.19202468549727036
events_all,same,5,6,583,4213,0.13838120104438642
events_all,same,6,7,528,4213,0.12532637075718014
events_all,same,7,8,464,4213,0.1101352955138856
events_all,same,8,9,530,4213,0.1258010918585331
events_all,same,9,10,391,4213,0.09280797531450273
events_all,same,10,11,334,4213,0.0792784239259435
events_all,same,11,12,265,4213,0.06290054592926655
events_all,same,12,13,294,4213,0.06978400189888441
events_all,same,13,14,283,4213,0.06717303584144316
events_all,same,14,15,298,4213,0.07073344410159031
events_all,same,15,16,311,4213,0.07381913126038453
events_all,same,16,17,287,4213,0.06812247804414906
events_all,same,17,18,266,4213,0.06313790647994304
events_all,same,18,19,258,4213,0.06123902207453121
events_all,same,19,20,311,4213,0.07381913126038453
events_all,same,20,21,272,4213,0.0645620697840019
events_all,same,21,22,254,4213,0.0602895798718253
events_all,same,22,23,232,4213,0.0550676477569428
events_all,same,23,24,445,4213,0.10562544505103252
events_all,same,24,25,355,4213,0.08426299549014954
events_all,same,25,26,357,4213,0.08473771659150249
events_all,same,26,27,430,4213,0.10206503679088536
events_all,same,27,28,327,4213,0.07761690007120817
events_all,same,28,29,363,4213,0.08616187989556136
events_all,same,29,30,381,4213,0.09043436980773796
events_all,same,30,31,241,4213,0.05720389271303109
events_all,same,31,32,286,4213,0.06788511749347259
events_all,same,32,33,265,4213,0.06290054592926655
events_all,same,33,34,247,4213,0.05862805601708996
events_all,same,34,35,277,4213,0.06574887253738429
events_all,same,35,36,340,4213,0.08070258723000237
events_all,same,36,37,230,4213,0.05459292665558984
events_all,same,37,38,199,4213,0.04723474958461903
events_all,same,38,39,225,4213,0.053406123902207454
events_all,same,39,40,262,4213,0.06218846427723712
events_all,same,40,41,258,4213,0.06123902207453121
events_all,same,41,42,231,4213,0.05483028720626632
events_all,same,42,43,185,4213,0.04391170187514835
events_all,same,43,44,221,4213,0.052456681699501545
events_all,same,44,45,274,4213,0.06503679088535486
events_all,same,45,46,205,4213,0.0486589128886779
events_all,same,46,47,222,4213,0.05269404225017802
events_all,same,47,48,234,4213,0.05554236885829575
events_all,same,48,49,196,4213,0.046522667932589606
events_all,same,49,50,209,4213,0.04960835509138381
events_all,same,50,51,308,4213,0.0731070496083551
events_all,same,51,52,184,4213,0.04367434132447187
events_all,same,52,53,238,4213,0.056491811061001665
events_all,same,53,54,191,4213,0.045335865179207215
events_all,same,54,55,172,4213,0.04082601471635414
events_all,same,55,56,231,4213,0.05483028720626632
events_all,same,56,57,152,4213,0.03607880370282459
events_all,same,57,58,177,4213,0.04201281746973653
events_all,same,58,59,151,4213,0.035841443152148114
events_all,same,59,60,181,4213,0.04296225967244244
events_all,same,60,61,150,4213,0.03560408260147164
events_all,same,61,62,136,4213,0.03228103489200095
events_all,same,62,63,240,4213,0.056966532162354616
events_all,same,63,64,228,4213,0.05411820555423689
events_all,same,64,65,240,4213,0.056966532162354616
events_all,same,65,66,414,4213,0.09826726798006172
events_all,same,66,67,332,4213,0.07880370282459055
events_all,same,67,68,299,4213,0.0709708046522668
events_all,same,68,69,296,4213,0.07025872300023736
events_all,same,69,70,316,4213,0.07500593401376691
events_all,same,70,71,235,4213,0.05577972940897223
events_all,same,71,72,277,4213,0.06574887253738429
controls_all,same,0,1,5,4180,0.0011961722488038277
controls_all,same,1,2,0,4180,0.0
controls_all,same,2,3,0,4180,0.0
controls_all,same,3,4,2,4180,0.0004784688995215311
controls_all,same,4,5,4,4180,0.0009569377990430622
controls_all,same,5,6,1,4180,0.00023923444976076556
controls_all,same,6,7,0,4180,0.0
controls_all,same,7,8,0,4180,0.0
controls_all,same,8,9,0,4180,0.0
controls_all,same,9,10,0,4180,0.0
controls_all,same,10,11,15,4180,0.0035885167464114833
controls_all,same,11,12,0,4180,0.0
controls_all,same,12,13,0,4180,0.0
controls_all,same,13,14,0,4180,0.0
controls_all,same,14,15,0,4180,0.0
controls_all,same,15,16,0,4180,0.0
controls_all,same,16,17,2,4180,0.0004784688995215311
controls_all,same,17,18,0,4180,0.0
controls_all,same,18,19,0,4180,0.0
controls_all,same,19,20,0,4180,0.0
controls_all,same,20,21,0,4180,0.0
controls_all,same,21,22,0,4180,0.0
controls_all,same,22,23,0,4180,0.0
controls_all,same,23,24,0,4180,0.0
controls_all,same,24,25,1,4180,0.00023923444976076556
controls_all,same,25,26,1,4180,0.00023923444976076556
controls_all,same,26,27,3,4180,0.0007177033492822966
controls_all,same,27,28,0,4180,0.0
controls_all,same,28,29,0,4180,0.0
controls_all,same,29,30,1,4180,0.00023923444976076556
controls_all,same,30,31,1,4180,0.00023923444976076556
controls_all,same,31,32,0,4180,0.0
controls_all,same,32,33,0,4180,0.0
controls_all,same,33,34,0,4180,0.0
controls_all,same,34,35,0,4180,0.0
controls_all,same,35,36,0,4180,0.0
controls_all,same,36,37,0,4180,0.0
controls_all,same,37,38,0,4180,0.0
controls_all,same,38,39,0,4180,0.0
controls_all,same,39,40,0,4180,0.0
controls_all,same,40,41,0,4180,0.0
controls_all,same,41,42,0,4180,0.0
controls_all,same,42,43,0,4180,0.0
controls_all,same,43,44,0,4180,0.0
controls_all,same,44,45,0,4180,0.0
controls_all,same,45,46,0,4180,0.0
controls_all,same,46,47,0,4180,0.0
controls_all,same,47,48,1,4180,0.00023923444976076556
controls_all,same,48,49,0,4180,0.0
controls_all,same,49,50,2,4180,0.0004784688995215311
controls_all,same,50,51,0,4180,0.0
controls_all,same,51,52,0,4180,0.0
controls_all,same,52,53,0,4180,0.0
controls_all,same,53,54,4,4180,0.0009569377990430622
controls_all,same,54,55,0,4180,0.0
controls_all,same,55,56,2,4180,0.0004784688995215311
controls_all,same,56,57,2,4180,0.0004784688995215311
controls_all,same,57,58,2,4180,0.0004784688995215311
controls_all,same,58,59,0,4180,0.0
controls_all,same,59,60,0,4180,0.0
controls_all,same,60,61,0,4180,0.0
controls_all,same,61,62,0,4180,0.0
controls_all,same,62,63,1,4180,0.00023923444976076556
controls_all,same,63,64,0,4180,0.0
controls_all,same,64,65,1,4180,0.00023923444976076556
controls_all,same,65,66,0,4180,0.0
controls_all,same,66,67,2,4180,0.0004784688995215311
controls_all,same,67,68,6,4180,0.0014354066985645933
controls_all,same,68,69,3,4180,0.0007177033492822966
controls_all,same,69,70,1,4180,0.00023923444976076556
controls_all,same,70,71,1,4180,0.00023923444976076556
controls_all,same,71,72,3,4180,0.0007177033492822966
events_warned,any,0,1,5457,2652,2.0576923076923075
events_warned,any,1,2,1956,2652,0.7375565610859729
events_warned,any,2,3,1308,2652,0.49321266968325794
events_warned,any,3,4,974,2652,0.36726998491704377
events_warned,any,4,5,1022,2652,0.385369532428356
events_warned,any,5,6,751,2652,0.28318250377073906
events_warned,any,6,7,679,2652,0.2560331825037707
events_warned,any,7,8,602,2652,0.22699849170437406
events_warned,any,8,9,659,2652,0.24849170437405732
events_warned,any,9,10,468,2652,0.17647058823529413
events_warned,any,10,11,437,2652,0.1647812971342383
events_warned,any,11,12,335,2652,0.12631975867269984
events_warned,any,12,13,392,2652,0.1478129713423831
events_warned,any,13,14,341,2652,0.12858220211161386
events_warned,any,14,15,376,2652,0.14177978883861236
events_warned,any,15,16,370,2652,0.13951734539969834
events_warned,any,16,17,369,2652,0.13914027149321267
events_warned,any,17,18,325,2652,0.12254901960784313
events_warned,any,18,19,321,2652,0.12104072398190045
events_warned,any,19,20,408,2652,0.15384615384615385
events_warned,any,20,21,338,2652,0.12745098039215685
events_warned,any,21,22,317,2652,0.11953242835595777
events_warned,any,22,23,368,2652,0.138763197586727
events_warned,any,23,24,640,2652,0.24132730015082957
events_warned,any,24,25,473,2652,0.17835595776772248
events_warned,any,25,26,457,2652,0.17232277526395173
events_warned,any,26,27,542,2652,0.20437405731523378
events_warned,any,27,28,515,2652,0.19419306184012067
events_warned,any,28,29,526,2652,0.19834087481146304
events_warned,any,29,30,468,2652,0.17647058823529413
events_warned,any,30,31,341,2652,0.12858220211161386
events_warned,any,31,32,360,2652,0.13574660633484162
events_warned,any,32,33,329,2652,0.12405731523378583
events_warned,any,33,34,329,2652,0.12405731523378583
events_warned,any,34,35,346,2652,0.13046757164404224
events_warned,any,35,36,411,2652,0.15497737556561086
events_warned,any,36,37,299,2652,0.11274509803921569
events_warned,any,37,38,252,2652,0.09502262443438914
events_warned,any,38,39,307,2652,0.11576168929110106
events_warned,any,39,40,355,2652,0.13386123680241327
events_warned,any,40,41,338,2652,0.12745098039215685
events_warned,any,41,42,311,2652,0.11726998491704374
events_warned,any,42,43,274,2652,0.1033182503770739
events_warned,any,43,44,264,2652,0.09954751131221719
events_warned,any,44,45,337,2652,0.12707390648567118
events_warned,any,45,46,326,2652,0.1229260935143288
events_warned,any,46,47,385,2652,0.14517345399698342
events_warned,any,47,48,334,2652,0.12594268476621417
events_warned,any,48,49,295,2652,0.111236802413273
events_warned,any,49,50,330,2652,0.1244343891402715
events_warned,any,50,51,426,2652,0.16063348416289594
events_warned,any,51,52,287,2652,0.10822021116138764
events_warned,any,52,53,333,2652,0.1255656108597285
events_warned,any,53,54,244,2652,0.09200603318250378
events_warned,any,54,55,265,2652,0.09992458521870287
events_warned,any,55,56,341,2652,0.12858220211161386
events_warned,any,56,57,222,2652,0.083710407239819
events_warned,any,57,58,224,2652,0.08446455505279035
events_warned,any,58,59,209,2652,0.07880844645550528
events_warned,any,59,60,232,2652,0.08748114630467571
events_warned,any,60,61,201,2652,0.0757918552036199
events_warned,any,61,62,182,2652,0.06862745098039216
events_warned,any,62,63,294,2652,0.11085972850678733
events_warned,any,63,64,287,2652,0.10822021116138764
events_warned,any,64,65,317,2652,0.11953242835595777
events_warned,any,65,66,508,2652,0.19155354449472098
events_warned,any,66,67,440,2652,0.16591251885369532
events_warned,any,67,68,387,2652,0.14592760180995476
events_warned,any,68,69,389,2652,0.1466817496229261
events_warned,any,69,70,442,2652,0.16666666666666666
events_warned,any,70,71,322,2652,0.12141779788838612
events_warned,any,71,72,359,2652,0.13536953242835595
controls_of_warned,any,0,1,11,2633,0.004177744018230156
controls_of_warned,any,1,2,16,2633,0.0060767185719711354
controls_of_warned,any,2,3,10,2633,0.0037979491074819596
controls_of_warned,any,3,4,6,2633,0.002278769464489176
controls_of_warned,any,4,5,11,2633,0.004177744018230156
controls_of_warned,any,5,6,23,2633,0.008735282947208508
controls_of_warned,any,6,7,11,2633,0.004177744018230156
controls_of_warned,any,7,8,17,2633,0.006456513482719331
controls_of_warned,any,8,9,14,2633,0.005317128750474744
controls_of_warned,any,9,10,15,2633,0.00569692366122294
controls_of_warned,any,10,11,6,2633,0.002278769464489176
controls_of_warned,any,11,12,3,2633,0.001139384732244588
controls_of_warned,any,12,13,28,2633,0.010634257500949488
controls_of_warned,any,13,14,18,2633,0.006836308393467528
controls_of_warned,any,14,15,28,2633,0.010634257500949488
controls_of_warned,any,15,16,10,2633,0.0037979491074819596
controls_of_warned,any,16,17,3,2633,0.001139384732244588
controls_of_warned,any,17,18,5,2633,0.0018989745537409798
controls_of_warned,any,18,19,14,2633,0.005317128750474744
controls_of_warned,any,19,20,5,2633,0.0018989745537409798
controls_of_warned,any,20,21,11,2633,0.004177744018230156
controls_of_warned,any,21,22,6,2633,0.002278769464489176
controls_of_warned,any,22,23,7,2633,0.002658564375237372
controls_of_warned,any,23,24,15,2633,0.00569692366122294
controls_of_warned,any,24,25,20,2633,0.007595898214963919
controls_of_warned,any,25,26,13,2633,0.004937333839726547
controls_of_warned,any,26,27,34,2633,0.012913026965438662
controls_of_warned,any,27,28,60,2633,0.02278769464489176
controls_of_warned,any,28,29,22,2633,0.008355488036460312
controls_of_warned,any,29,30,16,2633,0.0060767185719711354
controls_of_warned,any,30,31,18,2633,0.006836308393467528
controls_of_warned,any,31,32,21,2633,0.007975693125712115
controls_of_warned,any,32,33,39,2633,0.014812001519179644
controls_of_warned,any,33,34,42,2633,0.01595138625142423
controls_of_warned,any,34,35,14,2633,0.005317128750474744
controls_of_warned,any,35,36,10,2633,0.0037979491074819596
controls_of_warned,any,36,37,3,2633,0.001139384732244588
controls_of_warned,any,37,38,9,2633,0.003418154196733764
controls_of_warned,any,38,39,3,2633,0.001139384732244588
controls_of_warned,any,39,40,4,2633,0.0015191796429927839
controls_of_warned,any,40,41,11,2633,0.004177744018230156
controls_of_warned,any,41,42,5,2633,0.0018989745537409798
controls_of_warned,any,42,43,6,2633,0.002278769464489176
controls_of_warned,any,43,44,3,2633,0.001139384732244588
controls_of_warned,any,44,45,14,2633,0.005317128750474744
controls_of_warned,any,45,46,8,2633,0.0030383592859855677
controls_of_warned,any,46,47,10,2633,0.0037979491074819596
controls_of_warned,any,47,48,8,2633,0.0030383592859855677
controls_of_warned,any,48,49,14,2633,0.005317128750474744
controls_of_warned,any,49,50,43,2633,0.01633118116217243
controls_of_warned,any,50,51,70,2633,0.026585643752373718
controls_of_warned,any,51,52,40,2633,0.015191796429927839
controls_of_warned,any,52,53,86,2633,0.03266236232434486
controls_of_warned,any,53,54,29,2633,0.011014052411697683
controls_of_warned,any,54,55,29,2633,0.011014052411697683
controls_of_warned,any,55,56,53,2633,0.020129130269654388
controls_of_warned,any,56,57,17,2633,0.006456513482719331
controls_of_warned,any,57,58,6,2633,0.002278769464489176
controls_of_warned,any,58,59,6,2633,0.002278769464489176
controls_of_warned,any,59,60,10,2633,0.0037979491074819596
controls_of_warned,any,60,61,3,2633,0.001139384732244588
controls_of_warned,any,61,62,5,2633,0.0018989745537409798
controls_of_warned,any,62,63,5,2633,0.0018989745537409798
controls_of_warned,any,63,64,14,2633,0.005317128750474744
controls_of_warned,any,64,65,36,2633,0.013672616786935056
controls_of_warned,any,65,66,29,2633,0.011014052411697683
controls_of_warned,any,66,67,21,2633,0.007975693125712115
controls_of_warned,any,67,68,28,2633,0.010634257500949488
controls_of_warned,any,68,69,9,2633,0.003418154196733764
controls_of_warned,any,69,70,9,2633,0.003418154196733764
controls_of_warned,any,70,71,5,2633,0.0018989745537409798
controls_of_warned,any,71,72,14,2633,0.005317128750474744
events_all,any,0,1,5457,4213,1.2952765250415381
events_all,any,1,2,1956,4213,0.46427723712319013
events_all,any,2,3,1308,4213,0.31046760028483267
events_all,any,3,4,974,4213,0.23118917635888916
events_all,any,4,5,1022,4213,0.24258248279136008
events_all,any,5,6,751,4213,0.17825777355803465
events_all,any,6,7,679,4213,0.16116781390932827
events_all,any,7,8,602,4213,0.1428910515072395
events_all,any,8,9,659,4213,0.1564206028957987
events_all,any,9,10,468,4213,0.1110847377165915
events_all,any,10,11,437,4213,0.10372656064562069
events_all,any,11,12,335,4213,0.07951578447661999
events_all,any,12,13,392,4213,0.09304533586517921
events_all,any,13,14,341,4213,0.08093994778067885
events_all,any,14,15,376,4213,0.08924756705435556
events_all,any,15,16,370,4213,0.0878234037502967
events_all,any,16,17,369,4213,0.08758604319962023
events_all,any,17,18,325,4213,0.07714217896985522
events_all,any,18,19,321,4213,0.0761927367671493
events_all,any,19,20,408,4213,0.09684310467600285
events_all,any,20,21,338,4213,0.08022786612864942
events_all,any,21,22,317,4213,0.07524329456444338
events_all,any,22,23,368,4213,0.08734868264894374
events_all,any,23,24,640,4213,0.15191075243294563
events_all,any,24,25,473,4213,0.1122715404699739
events_all,any,25,26,457,4213,0.10847377165915024
events_all,any,26,27,542,4213,0.12864941846665084
events_all,any,27,28,515,4213,0.12224068359838595
events_all,any,28,29,526,4213,0.12485164965582721
events_all,any,29,30,468,4213,0.1110847377165915
events_all,any,30,31,341,4213,0.08093994778067885
events_all,any,31,32,360,4213,0.08544979824353192
events_all,any,32,33,329,4213,0.07809162117256112
events_all,any,33,34,329,4213,0.07809162117256112
events_all,any,34,35,346,4213,0.08212675053406124
events_all,any,35,36,411,4213,0.09755518632803228
events_all,any,36,37,299,4213,0.0709708046522668
events_all,any,37,38,252,4213,0.059814858770472344
events_all,any,38,39,307,4213,0.07286968905767861
events_all,any,39,40,355,4213,0.08426299549014954
events_all,any,40,41,338,4213,0.08022786612864942
events_all,any,41,42,311,4213,0.07381913126038453
events_all,any,42,43,274,4213,0.06503679088535486
events_all,any,43,44,264,4213,0.06266318537859007
events_all,any,44,45,337,4213,0.07999050557797294
events_all,any,45,46,326,4213,0.07737953952053168
events_all,any,46,47,385,4213,0.09138381201044386
events_all,any,47,48,334,4213,0.0792784239259435
events_all,any,48,49,295,4213,0.07002136244956088
events_all,any,49,50,330,4213,0.0783289817232376
events_all,any,50,51,426,4213,0.10111559458817944
events_all,any,51,52,287,4213,0.06812247804414906
events_all,any,52,53,333,4213,0.07904106337526703
events_all,any,53,54,244,4213,0.057915974365060525
events_all,any,54,55,265,4213,0.06290054592926655
events_all,any,55,56,341,4213,0.08093994778067885
events_all,any,56,57,222,4213,0.05269404225017802
events_all,any,57,58,224,4213,0.05316876335153098
events_all,any,58,59,209,4213,0.04960835509138381
events_all,any,59,60,232,4213,0.0550676477569428
events_all,any,60,61,201,4213,0.04770947068597199
events_all,any,61,62,182,4213,0.04319962022311892
events_all,any,62,63,294,4213,0.06978400189888441
events_all,any,63,64,287,4213,0.06812247804414906
events_all,any,64,65,317,4213,0.07524329456444338
events_all,any,65,66,508,4213,0.1205791597436506
events_all,any,66,67,440,4213,0.10443864229765012
events_all,any,67,68,387,4213,0.09185853311179681
events_all,any,68,69,389,4213,0.09233325421314978
events_all,any,69,70,442,4213,0.10491336339900309
events_all,any,70,71,322,4213,0.07643009731782578
events_all,any,71,72,359,4213,0.08521243769285544
controls_all,any,0,1,19,4180,0.004545454545454545
controls_all,any,1,2,17,4180,0.004066985645933014
controls_all,any,2,3,21,4180,0.005023923444976076
controls_all,any,3,4,13,4180,0.003110047846889952
controls_all,any,4,5,27,4180,0.00645933014354067
controls_all,any,5,6,43,4180,0.01028708133971292
controls_all,any,6,7,26,4180,0.006220095693779904
controls_all,any,7,8,25,4180,0.005980861244019139
controls_all,any,8,9,34,4180,0.008133971291866028
controls_all,any,9,10,28,4180,0.0066985645933014355
controls_all,any,10,11,33,4180,0.007894736842105263
controls_all,any,11,12,7,4180,0.0016746411483253589
controls_all,any,12,13,38,4180,0.00909090909090909
controls_all,any,13,14,25,4180,0.005980861244019139
controls_all,any,14,15,38,4180,0.00909090909090909
controls_all,any,15,16,15,4180,0.0035885167464114833
controls_all,any,16,17,11,4180,0.002631578947368421
controls_all,any,17,18,12,4180,0.0028708133971291866
controls_all,any,18,19,20,4180,0.004784688995215311
controls_all,any,19,20,12,4180,0.0028708133971291866
controls_all,any,20,21,22,4180,0.005263157894736842
controls_all,any,21,22,10,4180,0.0023923444976076554
controls_all,any,22,23,13,4180,0.003110047846889952
controls_all,any,23,24,18,4180,0.00430622009569378
controls_all,any,24,25,24,4180,0.005741626794258373
controls_all,any,25,26,16,4180,0.003827751196172249
controls_all,any,26,27,45,4180,0.01076555023923445
controls_all,any,27,28,65,4180,0.01555023923444976
controls_all,any,28,29,30,4180,0.007177033492822967
controls_all,any,29,30,33,4180,0.007894736842105263
controls_all,any,30,31,32,4180,0.007655502392344498
controls_all,any,31,32,33,4180,0.007894736842105263
controls_all,any,32,33,46,4180,0.011004784688995215
controls_all,any,33,34,48,4180,0.011483253588516746
controls_all,any,34,35,26,4180,0.006220095693779904
controls_all,any,35,36,20,4180,0.004784688995215311
controls_all,any,36,37,8,4180,0.0019138755980861245
controls_all,any,37,38,12,4180,0.0028708133971291866
controls_all,any,38,39,5,4180,0.0011961722488038277
controls_all,any,39,40,7,4180,0.0016746411483253589
controls_all,any,40,41,12,4180,0.0028708133971291866
controls_all,any,41,42,24,4180,0.005741626794258373
controls_all,any,42,43,40,4180,0.009569377990430622
controls_all,any,43,44,17,4180,0.004066985645933014
controls_all,any,44,45,33,4180,0.007894736842105263
controls_all,any,45,46,26,4180,0.006220095693779904
controls_all,any,46,47,29,4180,0.006937799043062201
controls_all,any,47,48,16,4180,0.003827751196172249
controls_all,any,48,49,24,4180,0.005741626794258373
controls_all,any,49,50,52,4180,0.012440191387559809
controls_all,any,50,51,81,4180,0.019377990430622008
controls_all,any,51,52,49,4180,0.011722488038277513
controls_all,any,52,53,92,4180,0.02200956937799043
controls_all,any,53,54,38,4180,0.00909090909090909
controls_all,any,54,55,35,4180,0.008373205741626795
controls_all,any,55,56,64,4180,0.015311004784688996
controls_all,any,56,57,27,4180,0.00645933014354067
controls_all,any,57,58,14,4180,0.0033492822966507177
controls_all,any,58,59,8,4180,0.0019138755980861245
controls_all,any,59,60,18,4180,0.00430622009569378
controls_all,any,60,61,8,4180,0.0019138755980861245
controls_all,any,61,62,18,4180,0.00430622009569378
controls_all,any,62,63,22,4180,0.005263157894736842
controls_all,any,63,64,37,4180,0.008851674641148326
controls_all,any,64,65,55,4180,0.013157894736842105
controls_all,any,65,66,39,4180,0.009330143540669857
controls_all,any,66,67,25,4180,0.005980861244019139
controls_all,any,67,68,32,4180,0.007655502392344498
controls_all,any,68,69,21,4180,0.005023923444976076
controls_all,any,69,70,11,4180,0.002631578947368421
controls_all,any,70,71,16,4180,0.003827751196172249
controls_all,any,71,72,23,4180,0.005502392344497608
