event_id,in_headline_23,in_top20_energy,farm,turbine_id,event_start,duration_h,E_mwh,event_family,families_all,event_lead_h,role,message,code,service_category,corpus_n_rows,frozen_family,ambiguous_slot,slot_alternatives,rationale_class,rationale_words,frozen_rationale,my_family,my_confidence,adjudication,my_reason,is_primary_stop_message,warning_n_rows_in_window,warning_lead_h,is_earliest_qualifying_warning,event_stop_code
3,True,False,kelmarsh,1,2016-04-25 16:24:06,24.137777777777778,19.049270022308427,brake_hydraulic,brake_hydraulic,37.73027777777778,stop,Feedback brake 1,2100.0,Mechanical error (23),21,brake_hydraulic,,,missing,0,,brake_hydraulic,high,agree,Mechanical brake position feedback.,True,,,False,2100.0
3,True,False,kelmarsh,1,2016-04-25 16:24:06,24.137777777777778,19.049270022308427,brake_hydraulic,brake_hydraulic,37.73027777777778,warning,Timeout brake closed,2125.0,Warnings (27),1345,brake_hydraulic,,,missing,0,,brake_hydraulic,high,agree,Brake failed to report closed in time.,False,2.0,37.73027777777778,True,
3,True,False,kelmarsh,1,2016-04-25 16:24:06,24.137777777777778,19.049270022308427,brake_hydraulic,brake_hydraulic,37.73027777777778,warning,Brake pads worn,2000.0,Warnings (27),57,brake_hydraulic,,,missing,0,,brake_hydraulic,high,agree,Names the brake.,False,1.0,2.962222222222222,False,
3,True,False,kelmarsh,1,2016-04-25 16:24:06,24.137777777777778,19.049270022308427,brake_hydraulic,brake_hydraulic,37.73027777777778,warning,Brake accumulator defect,5720.0,Warnings (27),1209,brake_hydraulic,,,thin,6,Hydraulic accumulator of the mechanical brake.,brake_hydraulic,high,agree,Hydraulic accumulator of the mechanical brake.,False,15.0,1.4452777777777779,False,
624,True,False,kelmarsh,4,2023-02-10 20:16:56,13.226944444444445,11.288738572093273,drivetrain,drivetrain,11.311111111111112,stop,Particle Gear Alarm 24h,1924.0,Mechanical error (23),19,drivetrain,,,thin,5,Gearbox oil-debris (metal particle) sensor.,drivetrain,high,agree,Gearbox oil-debris sensor.,True,,,False,1924.0
624,True,False,kelmarsh,4,2023-02-10 20:16:56,13.226944444444445,11.288738572093273,drivetrain,drivetrain,11.311111111111112,warning,Particle Gear Alarm 10min,1922.0,Warnings (27),115,drivetrain,,,documented,12,Gearbox oil-debris sensor - the 10-min companion of the 24h stop message.,drivetrain,high,agree,Gearbox oil-debris sensor.,False,3.0,11.311111111111112,True,
657,False,True,kelmarsh,4,2024-01-31 07:44:27,389.5577777777778,395.212302544104,converter,converter,,stop,Frequency converter error,3110.0,Generator and Converter errors (20),181,converter,,,missing,0,,converter,high,agree,Names the converter.,True,,,False,3110.0
659,True,False,kelmarsh,4,2024-03-18 05:44:02,8.05888888888889,3.354061290647562,pitch,pitch,31.622222222222224,stop,Pitch controller communication error,650.0,Pitch errors (18),99,pitch,,,documented,24,"A comms fault *inside* the pitch system; service category is 'Pitch errors (18)', so it is a pitch failure, not a SCADA/network comms failure.",pitch,moderate,agree,"A communication fault INSIDE the pitch system. 'comms' is a real alternative and the frozen rationale names it, but service category 'Pitch errors (18)' makes pitch the better call. NOTE: this entry documents an alternative family yet is not one of the nine sweep slots.",True,,,False,650.0
659,True,False,kelmarsh,4,2024-03-18 05:44:02,8.05888888888889,3.354061290647562,pitch,pitch,31.622222222222224,warning,Battery monitoring axis 2,712.0,Warnings (27),8,pitch,,,missing,0,,pitch,high,agree,Pitch back-up battery monitoring.,False,1.0,31.622222222222224,True,
734,False,True,kelmarsh,5,2021-10-30 12:16:07,99.43194444444444,95.13565374517064,converter,converter,,stop,Frequency converter error,3110.0,Generator and Converter errors (20),181,converter,,,missing,0,,converter,high,agree,Names the converter.,True,,,False,3110.0
743,False,True,kelmarsh,5,2021-11-26 13:44:40,94.23722222222223,116.45054315520555,electrical,electrical,,stop,UPS error,3410.0,Electrical error (24),3,electrical,,,missing,0,,electrical,high,agree,Uninterruptible supply; 34xx electrical block.,True,,,False,3410.0
893,True,False,kelmarsh,5,2023-03-16 17:30:09,14.223055555555556,6.783240376059906,anemometry,anemometry,70.37972222222223,stop,Anemometer defect,6530.0,Sensor error (21),813,anemometry,,,missing,0,,anemometry,high,agree,Names the anemometer outright.,True,,,False,6530.0
893,True,False,kelmarsh,5,2023-03-16 17:30:09,14.223055555555556,6.783240376059906,anemometry,anemometry,70.37972222222223,warning,4-20 mA vane 2,6635.0,Sensor error (21),1908,anemometry,,,missing,0,,anemometry,high,agree,Vane signal-loop fault.,False,13.0,70.37972222222223,True,
893,True,False,kelmarsh,5,2023-03-16 17:30:09,14.223055555555556,6.783240376059906,anemometry,anemometry,70.37972222222223,warning,4-20mA anemometer 2,6525.0,Warnings (27),1908,anemometry,,,missing,0,,anemometry,high,agree,Anemometer signal-loop fault.,False,13.0,70.37972222222223,True,
907,True,False,kelmarsh,5,2023-03-18 05:17:43,9.129444444444445,0.4333596715151191,anemometry,anemometry,48.04083333333333,stop,Anemometer defect,6530.0,Sensor error (21),813,anemometry,,,missing,0,,anemometry,high,agree,Names the anemometer outright.,True,,,False,6530.0
907,True,False,kelmarsh,5,2023-03-18 05:17:43,9.129444444444445,0.4333596715151191,anemometry,anemometry,48.04083333333333,warning,4-20 mA vane 2,6635.0,Sensor error (21),1908,anemometry,,,missing,0,,anemometry,high,agree,Vane signal-loop fault.,False,30.0,48.04083333333333,True,
907,True,False,kelmarsh,5,2023-03-18 05:17:43,9.129444444444445,0.4333596715151191,anemometry,anemometry,48.04083333333333,warning,4-20mA anemometer 2,6525.0,Warnings (27),1908,anemometry,,,missing,0,,anemometry,high,agree,Anemometer signal-loop fault.,False,30.0,48.04083333333333,True,
921,True,False,kelmarsh,5,2023-04-27 22:27:42,7.397777777777778,1.3966549402208885,anemometry,anemometry,65.06388888888888,stop,Anemometer defect,6530.0,Sensor error (21),813,anemometry,,,missing,0,,anemometry,high,agree,Names the anemometer outright.,True,,,False,6530.0
921,True,False,kelmarsh,5,2023-04-27 22:27:42,7.397777777777778,1.3966549402208885,anemometry,anemometry,65.06388888888888,warning,4-20 mA vane 2,6635.0,Sensor error (21),1908,anemometry,,,missing,0,,anemometry,high,agree,Vane signal-loop fault.,False,13.0,65.06388888888888,True,
921,True,False,kelmarsh,5,2023-04-27 22:27:42,7.397777777777778,1.3966549402208885,anemometry,anemometry,65.06388888888888,warning,4-20mA anemometer 2,6525.0,Warnings (27),1908,anemometry,,,missing,0,,anemometry,high,agree,Anemometer signal-loop fault.,False,13.0,65.06388888888888,True,
944,False,True,kelmarsh,5,2023-07-06 23:50:15,370.26722222222224,199.55244503478767,drivetrain,drivetrain,,stop,Overload fan oil cooler gear,1815.0,Electrical error (24),5,drivetrain,,,thin,6,As above - gearbox oil-cooler fan.,drivetrain,high,agree,Gearbox oil-cooler fan; the served component is the gearbox.,True,,,False,1815.0
1160,False,True,kelmarsh,6,2022-05-12 02:37:43,176.69861111111112,74.96893391148754,pitch,pitch,,stop,Pitch angle deviation,555.0,Pitch errors (18),10,pitch,,,missing,0,,pitch,high,agree,Names pitch.,True,,,False,555.0
1185,False,True,kelmarsh,6,2024-04-15 03:49:27,206.83194444444445,150.15274176037855,pitch,pitch,,stop,Pitch current asymmetry,550.0,Pitch errors (18),21,pitch,,,missing,0,,pitch,high,agree,Names pitch.,True,,,False,550.0
1344,False,True,penmanshiel,1,2019-11-02 19:41:08,122.09083333333334,103.75803700765971,converter,converter,,stop,Frequency converter error,3110.0,Generator and Converter errors (20),181,converter,,,missing,0,,converter,high,agree,Names the converter.,True,,,False,3110.0
1521,False,True,penmanshiel,2,2016-12-14 11:27:52,167.28944444444446,99.47032034600812,anemometry,anemometry,0.0008333333333333334,stop,Vane defect,6620.0,Sensor error (21),41,anemometry,,,missing,0,,anemometry,high,agree,Wind vane; same met-sensing chain as the anemometer.,True,,,False,6620.0
1521,False,True,penmanshiel,2,2016-12-14 11:27:52,167.28944444444446,99.47032034600812,anemometry,anemometry,0.0008333333333333334,warning,4-20 mA vane 2,6635.0,Sensor error (21),1908,anemometry,,,missing,0,,anemometry,high,agree,Vane signal-loop fault.,False,1.0,0.0008333333333333334,True,
1521,False,True,penmanshiel,2,2016-12-14 11:27:52,167.28944444444446,99.47032034600812,anemometry,anemometry,0.0008333333333333334,warning,4-20mA anemometer 2,6525.0,Warnings (27),1908,anemometry,,,missing,0,,anemometry,high,agree,Anemometer signal-loop fault.,False,1.0,0.0008333333333333334,True,
1582,False,True,penmanshiel,2,2018-02-27 22:21:45,136.77777777777777,161.25965670382482,safety,safety,,stop,Safety chain open,100.0,Safety chain (13),83,safety,,,missing,0,,safety,high,agree,Names the safety chain.,True,,,False,100.0
1942,False,True,penmanshiel,4,2016-12-20 04:33:23,59.70472222222222,82.29614677966514,drivetrain,drivetrain,,stop,Low gearbox oil pressure,1510.0,Mechanical error (23),59,drivetrain,,,missing,0,,drivetrain,high,agree,Gearbox lubrication.,True,,,False,1510.0
2178,True,True,penmanshiel,4,2023-06-23 14:08:57,283.2966666666667,210.14969229268868,control,control,20.788888888888888,stop,WEC shut down,55.0,WEC Shutdown (1),7,control,wec_shut_down,manual,documented,29,"AMBIGUOUS: generic supervisory shutdown, service category 'WEC Shutdown (1)', no component named. Assigned to `control` rather than `manual` because nothing in the message implies a human action. Alternative: manual.",never_match,moderate,DISAGREE,"A bare supervisory shutdown record: it names no component and no actor. The frozen map puts it in `control`, which then lets it same-match other content-free controller messages. I would put a message carrying zero component information into a family that cannot satisfy a same-component test at all. DISAGREE. Effect direction is the same as the sweep's wec_shut_down: control -> manual (a never-match family).",True,,,False,55.0
2178,True,True,penmanshiel,4,2023-06-23 14:08:57,283.2966666666667,210.14969229268868,control,control,20.788888888888888,warning,Parameter outside limits,7016.0,Warnings (27),25,control,,,thin,3,Controller parameter-set integrity.,never_match,moderate,DISAGREE,"DISAGREE on matchability, not on the family label: `control` is the right literal reading of a controller parameter-set integrity notice, but the message names no component, so allowing it to satisfy a same-component test against another content-free controller message is a match on the residual bucket, not on a component. NOT one of the nine sweep slots and its recorded rationale is four words ('Controller parameter-set integrity.'). This entry and the `WEC shut down` stop are the two halves of the single largest headline event.",False,2.0,20.788888888888888,True,
2231,False,True,penmanshiel,5,2016-12-24 22:24:22,67.20222222222222,103.3470323521161,control,control,,stop,Repeating error BP52,455.0,Repeated error  (25),251,control,bp_repeat,pitch,documented,65,"AMBIGUOUS and high-volume (251 stops). Service category 'Repeated error (25)' names a trip-count supervisor, not a component; 'BP' also prefixes pitch messages ('Pitch too slow BP180'), so a pitch reading is possible. Assigned to `control` as the conservative choice - `control` is a thin family, so a wrong call here creates few spurious same-component matches. Pairs with the warning 'Repeating error BP 0'. Alternative: pitch.",control,moderate,agree,Names no component; 'Repeated error (25)' is a trip-count supervisor. The 'BP' pitch reading is real but weaker. Concur with the frozen call; covered by the bp_repeat sweep slot.,True,,,False,455.0
2421,True,False,penmanshiel,5,2022-04-01 21:41:28,60.7225,31.759857239316904,anemometry,anemometry,64.75361111111111,stop,Anemometer defect,6530.0,Sensor error (21),813,anemometry,,,missing,0,,anemometry,high,agree,Names the anemometer outright.,True,,,False,6530.0
2421,True,False,penmanshiel,5,2022-04-01 21:41:28,60.7225,31.759857239316904,anemometry,anemometry,64.75361111111111,warning,4-20 mA vane 2,6635.0,Sensor error (21),1908,anemometry,,,missing,0,,anemometry,high,agree,Vane signal-loop fault.,False,30.0,64.75361111111111,True,
2421,True,False,penmanshiel,5,2022-04-01 21:41:28,60.7225,31.759857239316904,anemometry,anemometry,64.75361111111111,warning,4-20mA anemometer 2,6525.0,Warnings (27),1908,anemometry,,,missing,0,,anemometry,high,agree,Anemometer signal-loop fault.,False,30.0,64.75361111111111,True,
2432,False,True,penmanshiel,5,2022-10-11 03:38:06,250.80027777777778,168.6622911883661,pitch,pitch,1.6002777777777777,stop,Charging circuit pitch,715.0,Pitch errors (18),53,pitch,,,missing,0,,pitch,high,agree,Names pitch.,True,,,False,715.0
2432,False,True,penmanshiel,5,2022-10-11 03:38:06,250.80027777777778,168.6622911883661,pitch,pitch,1.6002777777777777,warning,Battery charge cycle axis 1 error,716.0,Warnings (27),974,pitch,,,thin,3,Pitch back-up batteries.,pitch,high,agree,Pitch back-up battery charge cycle; 'axis n' is a pitch axis.,False,1.0,1.6002777777777777,True,
2432,False,True,penmanshiel,5,2022-10-11 03:38:06,250.80027777777778,168.6622911883661,pitch,pitch,1.6002777777777777,warning,Battery charge cycle axis 2 error,717.0,Warnings (27),931,pitch,,,missing,0,,pitch,high,agree,As above.,False,1.0,1.6002777777777777,True,
2432,False,True,penmanshiel,5,2022-10-11 03:38:06,250.80027777777778,168.6622911883661,pitch,pitch,1.6002777777777777,warning,Battery charge cycle axis 3 error,718.0,Warnings (27),931,pitch,,,missing,0,,pitch,high,agree,As above.,False,1.0,1.6002777777777777,True,
2509,False,True,penmanshiel,6,2016-12-31 09:00:42,98.43861111111111,126.09143396678131,converter,converter,,stop,Frequency converter error,3110.0,Generator and Converter errors (20),181,converter,,,missing,0,,converter,high,agree,Names the converter.,True,,,False,3110.0
2570,False,True,penmanshiel,6,2018-02-28 12:30:51,122.2925,143.95636062319915,pitch,pitch,,stop,Charging circuit pitch,715.0,Pitch errors (18),53,pitch,,,missing,0,,pitch,high,agree,Names pitch.,True,,,False,715.0
2715,True,False,penmanshiel,6,2022-12-31 12:56:34,18.34638888888889,1.8795169951654582,anemometry,anemometry,7.114722222222222,stop,Anemometer defect,6530.0,Sensor error (21),813,anemometry,,,missing,0,,anemometry,high,agree,Names the anemometer outright.,True,,,False,6530.0
2715,True,False,penmanshiel,6,2022-12-31 12:56:34,18.34638888888889,1.8795169951654582,anemometry,anemometry,7.114722222222222,warning,4-20 mA vane 2,6635.0,Sensor error (21),1908,anemometry,,,missing,0,,anemometry,high,agree,Vane signal-loop fault.,False,11.0,7.114722222222222,True,
2715,True,False,penmanshiel,6,2022-12-31 12:56:34,18.34638888888889,1.8795169951654582,anemometry,anemometry,7.114722222222222,warning,4-20mA anemometer 2,6525.0,Warnings (27),1908,anemometry,,,missing,0,,anemometry,high,agree,Anemometer signal-loop fault.,False,11.0,7.114444444444445,False,
2718,False,True,penmanshiel,6,2023-02-02 14:16:45,121.22666666666667,79.04761011471689,pitch,pitch,1.8958333333333333,stop,Charging circuit pitch,715.0,Pitch errors (18),53,pitch,,,missing,0,,pitch,high,agree,Names pitch.,True,,,False,715.0
2718,False,True,penmanshiel,6,2023-02-02 14:16:45,121.22666666666667,79.04761011471689,pitch,pitch,1.8958333333333333,warning,Battery charge cycle axis 1 error,716.0,Warnings (27),974,pitch,,,thin,3,Pitch back-up batteries.,pitch,high,agree,Pitch back-up battery charge cycle; 'axis n' is a pitch axis.,False,1.0,1.8958333333333333,True,
2718,False,True,penmanshiel,6,2023-02-02 14:16:45,121.22666666666667,79.04761011471689,pitch,pitch,1.8958333333333333,warning,Battery charge cycle axis 2 error,717.0,Warnings (27),931,pitch,,,missing,0,,pitch,high,agree,As above.,False,1.0,1.8958333333333333,True,
2718,False,True,penmanshiel,6,2023-02-02 14:16:45,121.22666666666667,79.04761011471689,pitch,pitch,1.8958333333333333,warning,Battery charge cycle axis 3 error,718.0,Warnings (27),931,pitch,,,missing,0,,pitch,high,agree,As above.,False,1.0,1.8958333333333333,True,
2718,False,True,penmanshiel,6,2023-02-02 14:16:45,121.22666666666667,79.04761011471689,pitch,pitch,1.8958333333333333,warning,Pitch batteries charging cycle,720.0,Warnings (27),225,pitch,,,missing,0,,pitch,high,agree,Names pitch.,False,1.0,0.1613888888888889,False,
2724,True,False,penmanshiel,6,2023-05-05 15:16:33,65.03833333333333,9.406802664838928,pitch,pitch,6.6825,stop,Charging circuit pitch,715.0,Pitch errors (18),53,pitch,,,missing,0,,pitch,high,agree,Names pitch.,True,,,False,715.0
2724,True,False,penmanshiel,6,2023-05-05 15:16:33,65.03833333333333,9.406802664838928,pitch,pitch,6.6825,warning,Battery charge cycle axis 1 error,716.0,Warnings (27),974,pitch,,,thin,3,Pitch back-up batteries.,pitch,high,agree,Pitch back-up battery charge cycle; 'axis n' is a pitch axis.,False,5.0,6.6825,True,
2724,True,False,penmanshiel,6,2023-05-05 15:16:33,65.03833333333333,9.406802664838928,pitch,pitch,6.6825,warning,Battery charge cycle axis 2 error,717.0,Warnings (27),931,pitch,,,missing,0,,pitch,high,agree,As above.,False,5.0,6.6825,True,
2724,True,False,penmanshiel,6,2023-05-05 15:16:33,65.03833333333333,9.406802664838928,pitch,pitch,6.6825,warning,Battery charge cycle axis 3 error,718.0,Warnings (27),931,pitch,,,missing,0,,pitch,high,agree,As above.,False,5.0,6.6825,True,
2741,False,True,penmanshiel,6,2023-11-23 06:58:18,54.25972222222222,75.04277491006837,pitch,pitch,,stop,Charging circuit pitch,715.0,Pitch errors (18),53,pitch,,,missing,0,,pitch,high,agree,Names pitch.,True,,,False,715.0
2833,True,False,penmanshiel,7,2017-04-26 12:55:17,26.0075,11.202791820225716,pitch,pitch,29.263055555555557,stop,Battery voltage axis 3,735.0,Pitch errors (18),8,pitch,,,documented,10,"Pitch back-up batteries (code block 700-735, service category 'Pitch errors').",pitch,high,agree,'axis n' is a pitch axis; code 735 in the pitch battery block; service category 'Pitch errors (18)'.,True,,,False,735.0
2833,True,False,penmanshiel,7,2017-04-26 12:55:17,26.0075,11.202791820225716,pitch,pitch,29.263055555555557,warning,Pitch measuring system 1><2,675.0,Warnings (27),269,pitch,,,missing,0,,pitch,high,agree,Pitch position measurement disagreement.,False,1.0,29.263055555555557,True,
2833,True,False,penmanshiel,7,2017-04-26 12:55:17,26.0075,11.202791820225716,pitch,pitch,29.263055555555557,warning,Battery charge cycle axis 1 error,716.0,Warnings (27),974,pitch,,,thin,3,Pitch back-up batteries.,pitch,high,agree,Pitch back-up battery charge cycle; 'axis n' is a pitch axis.,False,1.0,9.144722222222223,False,
2833,True,False,penmanshiel,7,2017-04-26 12:55:17,26.0075,11.202791820225716,pitch,pitch,29.263055555555557,warning,Battery charge cycle axis 2 error,717.0,Warnings (27),931,pitch,,,missing,0,,pitch,high,agree,As above.,False,1.0,9.144722222222223,False,
2833,True,False,penmanshiel,7,2017-04-26 12:55:17,26.0075,11.202791820225716,pitch,pitch,29.263055555555557,warning,Battery charge cycle axis 3 error,718.0,Warnings (27),931,pitch,,,missing,0,,pitch,high,agree,As above.,False,1.0,9.144722222222223,False,
2833,True,False,penmanshiel,7,2017-04-26 12:55:17,26.0075,11.202791820225716,pitch,pitch,29.263055555555557,warning,Error lubrication pump pitch,850.0,Warnings (27),47,pitch,,,missing,0,,pitch,high,agree,Names pitch.,False,1.0,3.2855555555555553,False,
2975,True,False,penmanshiel,7,2022-12-27 19:56:10,42.35,44.469037727660385,pitch,pitch,21.248055555555556,stop,Pitch current asymmetry,550.0,Pitch errors (18),21,pitch,,,missing,0,,pitch,high,agree,Names pitch.,True,,,False,550.0
2975,True,False,penmanshiel,7,2022-12-27 19:56:10,42.35,44.469037727660385,pitch,pitch,21.248055555555556,warning,Error brake resistor CHP,785.0,Warnings (27),235,pitch,brake_resistor_chp,converter|brake_hydraulic,documented,54,"AMBIGUOUS and high-volume (235 warnings). 'CHP' = chopper brake resistor. Code 785 sits between the pitch battery block (700-735) and the pitch lubrication pump (850), and the MM82/92 pitch drives have their own braking chopper, so assigned to `pitch`. A converter DC-link chopper reading is equally defensible. Alternatives: converter, brake_hydraulic. FLAGGED for orchestrator review.",converter,moderate,DISAGREE,"DISAGREE with the frozen `pitch`. 'CHP' = chopper. In standard drive terminology a chopper brake resistor is the DC-link braking chopper, i.e. a CONVERTER component; that is the plain reading of the words. The frozen call rests on the code-block argument (785 sits between the pitch battery block 700-735 and the pitch lubrication pump 850), which is suggestive but is an inference about numbering, not about the message. The frozen rationale itself says a converter reading is 'equally defensible' and FLAGS the entry. Covered by the brake_resistor_chp sweep slot.",False,1.0,21.248055555555556,True,
2975,True,False,penmanshiel,7,2022-12-27 19:56:10,42.35,44.469037727660385,pitch,pitch,21.248055555555556,warning,Battery charge cycle axis 1 error,716.0,Warnings (27),974,pitch,,,thin,3,Pitch back-up batteries.,pitch,high,agree,Pitch back-up battery charge cycle; 'axis n' is a pitch axis.,False,1.0,6.755,False,
2975,True,False,penmanshiel,7,2022-12-27 19:56:10,42.35,44.469037727660385,pitch,pitch,21.248055555555556,warning,Battery charge cycle axis 2 error,717.0,Warnings (27),931,pitch,,,missing,0,,pitch,high,agree,As above.,False,1.0,6.755,False,
2975,True,False,penmanshiel,7,2022-12-27 19:56:10,42.35,44.469037727660385,pitch,pitch,21.248055555555556,warning,Battery charge cycle axis 3 error,718.0,Warnings (27),931,pitch,,,missing,0,,pitch,high,agree,As above.,False,1.0,6.755,False,
2993,True,True,penmanshiel,7,2023-09-27 13:09:34,163.8763888888889,125.80884116006511,brake_hydraulic,brake_hydraulic,52.2525,stop,Low hydraulic pressure,5510.0,Mechanical error (23),13,brake_hydraulic,,,documented,14,The hydraulic system on the MM82/92 serves the mechanical brake; merged into one family.,brake_hydraulic,moderate,agree,"The message names the hydraulic supply, NOT the brake. On the MM82/92 the hydraulic power unit serves the mechanical brake, so folding hydraulics into brake_hydraulic is defensible and I concur - but it is a family-MERGE judgment, and a separate 'hydraulic' family would also be defensible. Not one of the nine sweep slots.",True,,,False,5510.0
2993,True,True,penmanshiel,7,2023-09-27 13:09:34,163.8763888888889,125.80884116006511,brake_hydraulic,brake_hydraulic,52.2525,warning,Timeout brake closed,2125.0,Warnings (27),1345,brake_hydraulic,,,missing,0,,brake_hydraulic,high,agree,Brake failed to report closed in time.,False,1.0,52.2525,True,
3665,True,False,penmanshiel,9,2020-09-23 16:55:15,18.20777777777778,4.882849649171115,control,control,8.785277777777777,stop,WEC shut down,55.0,WEC Shutdown (1),7,control,wec_shut_down,manual,documented,29,"AMBIGUOUS: generic supervisory shutdown, service category 'WEC Shutdown (1)', no component named. Assigned to `control` rather than `manual` because nothing in the message implies a human action. Alternative: manual.",never_match,moderate,DISAGREE,"A bare supervisory shutdown record: it names no component and no actor. The frozen map puts it in `control`, which then lets it same-match other content-free controller messages. I would put a message carrying zero component information into a family that cannot satisfy a same-component test at all. DISAGREE. Effect direction is the same as the sweep's wec_shut_down: control -> manual (a never-match family).",True,,,False,55.0
3665,True,False,penmanshiel,9,2020-09-23 16:55:15,18.20777777777778,4.882849649171115,control,control,8.785277777777777,warning,Repeating error BP 0,440.0,Warnings (27),204,control,bp_repeat,pitch,documented,41,"AMBIGUOUS. Pairs with the stop message 'Repeating error BP52'; both are assigned to `control` so that they can match each other, and so that a wrong reading of 'BP' does not inject 204 warnings into the large `pitch` family. Alternative: pitch.",control,moderate,agree,Pairs with the 'Repeating error BP52' stop; same reasoning. Concur; covered by the bp_repeat sweep slot.,False,1.0,8.785277777777777,True,
3686,True,False,penmanshiel,9,2021-04-30 05:22:38,6.603055555555556,0.025909282745681637,anemometry,anemometry,71.99083333333333,stop,Anemometer defect,6530.0,Sensor error (21),813,anemometry,,,missing,0,,anemometry,high,agree,Names the anemometer outright.,True,,,False,6530.0
3686,True,False,penmanshiel,9,2021-04-30 05:22:38,6.603055555555556,0.025909282745681637,anemometry,anemometry,71.99083333333333,warning,4-20 mA vane 2,6635.0,Sensor error (21),1908,anemometry,,,missing,0,,anemometry,high,agree,Vane signal-loop fault.,False,93.0,71.99083333333333,True,
3686,True,False,penmanshiel,9,2021-04-30 05:22:38,6.603055555555556,0.025909282745681637,anemometry,anemometry,71.99083333333333,warning,4-20mA anemometer 2,6525.0,Warnings (27),1908,anemometry,,,missing,0,,anemometry,high,agree,Anemometer signal-loop fault.,False,94.0,71.99083333333333,True,
3686,True,False,penmanshiel,9,2021-04-30 05:22:38,6.603055555555556,0.025909282745681637,anemometry,anemometry,71.99083333333333,warning,Vane 2 defect,6622.0,Warnings (27),429,anemometry,,,missing,0,,anemometry,high,agree,Names the vane.,False,17.0,68.87472222222222,False,
4004,False,True,penmanshiel,10,2023-03-24 01:43:36,1471.503888888889,505.59119936371104,electrical,control|converter|electrical|manual,,stop,Frequency converter load rejection,3210.0,Generator and Converter errors (20),30,converter,,,missing,0,,converter,high,agree,Names the converter.,False,,,False,3210.0
4004,False,True,penmanshiel,10,2023-03-24 01:43:36,1471.503888888889,505.59119936371104,electrical,control|converter|electrical|manual,,stop,Circuit breaker,3800.0,Electrical error (24),1,electrical,,,missing,0,,electrical,high,agree,"Switchgear; 38xx block is the LV/transformer side, not the 31xx-32xx converter block.",True,,,False,3800.0
4004,False,True,penmanshiel,10,2023-03-24 01:43:36,1471.503888888889,505.59119936371104,electrical,control|converter|electrical|manual,,stop,Repeating error BP52,455.0,Repeated error  (25),251,control,bp_repeat,pitch,documented,65,"AMBIGUOUS and high-volume (251 stops). Service category 'Repeated error (25)' names a trip-count supervisor, not a component; 'BP' also prefixes pitch messages ('Pitch too slow BP180'), so a pitch reading is possible. Assigned to `control` as the conservative choice - `control` is a thin family, so a wrong call here creates few spurious same-component matches. Pairs with the warning 'Repeating error BP 0'. Alternative: pitch.",control,moderate,agree,Names no component; 'Repeated error (25)' is a trip-count supervisor. The 'BP' pitch reading is real but weaker. Concur with the frozen call; covered by the bp_repeat sweep slot.,False,,,False,455.0
4004,False,True,penmanshiel,10,2023-03-24 01:43:36,1471.503888888889,505.59119936371104,electrical,control|converter|electrical|manual,,stop,Manual stop - remote,21.0,Remote stop (30),424,manual,,,documented,9,"Human decision, no turbine-side physical precursor. The T2 exclusion.",manual,high,agree,"Human action, stated.",False,,,False,21.0
4095,True,False,penmanshiel,11,2017-06-10 12:29:21,27.15,42.390616208044676,control,control,28.72138888888889,stop,Repeating error BP52,455.0,Repeated error  (25),251,control,bp_repeat,pitch,documented,65,"AMBIGUOUS and high-volume (251 stops). Service category 'Repeated error (25)' names a trip-count supervisor, not a component; 'BP' also prefixes pitch messages ('Pitch too slow BP180'), so a pitch reading is possible. Assigned to `control` as the conservative choice - `control` is a thin family, so a wrong call here creates few spurious same-component matches. Pairs with the warning 'Repeating error BP 0'. Alternative: pitch.",control,moderate,agree,Names no component; 'Repeated error (25)' is a trip-count supervisor. The 'BP' pitch reading is real but weaker. Concur with the frozen call; covered by the bp_repeat sweep slot.,True,,,False,455.0
4095,True,False,penmanshiel,11,2017-06-10 12:29:21,27.15,42.390616208044676,control,control,28.72138888888889,warning,Repeating error BP 0,440.0,Warnings (27),204,control,bp_repeat,pitch,documented,41,"AMBIGUOUS. Pairs with the stop message 'Repeating error BP52'; both are assigned to `control` so that they can match each other, and so that a wrong reading of 'BP' does not inject 204 warnings into the large `pitch` family. Alternative: pitch.",control,moderate,agree,Pairs with the 'Repeating error BP52' stop; same reasoning. Concur; covered by the bp_repeat sweep slot.,False,2.0,28.72138888888889,True,
4440,False,True,penmanshiel,11,2022-11-02 07:44:29,703.4855555555556,544.1055634852943,generator,generator,,stop,Service generator brushes,2810.0,Generator and Converter errors (20),55,generator,,,missing,0,,generator,high,agree,Names the generator.,True,,,False,2810.0
4452,True,False,penmanshiel,11,2023-02-24 20:01:38,11.106111111111112,20.516581843730474,generator,generator,11.101944444444445,stop,Service generator brushes,2810.0,Generator and Converter errors (20),55,generator,,,missing,0,,generator,high,agree,Names the generator.,True,,,False,2810.0
4452,True,False,penmanshiel,11,2023-02-24 20:01:38,11.106111111111112,20.516581843730474,generator,generator,11.101944444444445,warning,Overload generator heating,2674.0,Warnings (27),269,generator,,,missing,0,,auxiliary,low,DISAGREE,"DISAGREE with the frozen `generator`, with low confidence and on construct grounds rather than coding grounds. Code 2674 is the generator anti-condensation HEATER circuit - an ancillary that runs mainly when the machine is stopped. The frozen map is internally consistent (it sends 'Overload gear heating' to drivetrain on the same served-component rule), and cabinet heaters go to `auxiliary`, so either convention can be defended. My objection is that a heater-circuit overload carries no information about the generator fault it is credited with anticipating here (carbon-brush service). NOT one of the nine sweep slots; its rationale field is EMPTY.",False,3.0,11.101944444444445,True,
5277,True,False,penmanshiel,13,2021-01-22 20:18:23,23.120555555555555,3.3045196621526323,anemometry,anemometry,46.68416666666667,stop,Anemometer defect,6530.0,Sensor error (21),813,anemometry,,,missing,0,,anemometry,high,agree,Names the anemometer outright.,True,,,False,6530.0
5277,True,False,penmanshiel,13,2021-01-22 20:18:23,23.120555555555555,3.3045196621526323,anemometry,anemometry,46.68416666666667,warning,4-20 mA vane 2,6635.0,Sensor error (21),1908,anemometry,,,missing,0,,anemometry,high,agree,Vane signal-loop fault.,False,18.0,46.68416666666667,True,
5277,True,False,penmanshiel,13,2021-01-22 20:18:23,23.120555555555555,3.3045196621526323,anemometry,anemometry,46.68416666666667,warning,4-20mA anemometer 2,6525.0,Warnings (27),1908,anemometry,,,missing,0,,anemometry,high,agree,Anemometer signal-loop fault.,False,18.0,46.68416666666667,True,
5279,True,False,penmanshiel,13,2021-01-23 19:35:12,39.23916666666667,22.093753142660812,anemometry,anemometry,69.96444444444444,stop,Anemometer defect,6530.0,Sensor error (21),813,anemometry,,,missing,0,,anemometry,high,agree,Names the anemometer outright.,True,,,False,6530.0
5279,True,False,penmanshiel,13,2021-01-23 19:35:12,39.23916666666667,22.093753142660812,anemometry,anemometry,69.96444444444444,warning,4-20 mA vane 2,6635.0,Sensor error (21),1908,anemometry,,,missing,0,,anemometry,high,agree,Vane signal-loop fault.,False,36.0,69.96444444444444,True,
5279,True,False,penmanshiel,13,2021-01-23 19:35:12,39.23916666666667,22.093753142660812,anemometry,anemometry,69.96444444444444,warning,4-20mA anemometer 2,6525.0,Warnings (27),1908,anemometry,,,missing,0,,anemometry,high,agree,Anemometer signal-loop fault.,False,36.0,69.96444444444444,True,
5326,True,False,penmanshiel,13,2022-11-09 22:54:12,12.507777777777777,21.71996270482991,pitch,pitch,13.095,stop,Charging circuit pitch,715.0,Pitch errors (18),53,pitch,,,missing,0,,pitch,high,agree,Names pitch.,True,,,False,715.0
5326,True,False,penmanshiel,13,2022-11-09 22:54:12,12.507777777777777,21.71996270482991,pitch,pitch,13.095,warning,Battery charge cycle axis 1 error,716.0,Warnings (27),974,pitch,,,thin,3,Pitch back-up batteries.,pitch,high,agree,Pitch back-up battery charge cycle; 'axis n' is a pitch axis.,False,1.0,13.095,True,
5326,True,False,penmanshiel,13,2022-11-09 22:54:12,12.507777777777777,21.71996270482991,pitch,pitch,13.095,warning,Battery charge cycle axis 2 error,717.0,Warnings (27),931,pitch,,,missing,0,,pitch,high,agree,As above.,False,1.0,13.095,True,
5326,True,False,penmanshiel,13,2022-11-09 22:54:12,12.507777777777777,21.71996270482991,pitch,pitch,13.095,warning,Battery charge cycle axis 3 error,718.0,Warnings (27),931,pitch,,,missing,0,,pitch,high,agree,As above.,False,1.0,13.095,True,
5892,True,False,penmanshiel,15,2021-12-31 05:23:43,7.860555555555556,1.602731456847028,anemometry,anemometry,53.70166666666667,stop,Anemometer defect,6530.0,Sensor error (21),813,anemometry,,,missing,0,,anemometry,high,agree,Names the anemometer outright.,True,,,False,6530.0
5892,True,False,penmanshiel,15,2021-12-31 05:23:43,7.860555555555556,1.602731456847028,anemometry,anemometry,53.70166666666667,warning,4-20 mA vane 2,6635.0,Sensor error (21),1908,anemometry,,,missing,0,,anemometry,high,agree,Vane signal-loop fault.,False,15.0,53.70166666666667,True,
5892,True,False,penmanshiel,15,2021-12-31 05:23:43,7.860555555555556,1.602731456847028,anemometry,anemometry,53.70166666666667,warning,4-20mA anemometer 2,6525.0,Warnings (27),1908,anemometry,,,missing,0,,anemometry,high,agree,Anemometer signal-loop fault.,False,15.0,53.70166666666667,True,
5949,True,False,penmanshiel,15,2023-03-05 16:34:07,18.68166666666667,8.044805785867648,pitch,pitch,7.5875,stop,Error pitch converter 3,658.0,Pitch errors (18),5,pitch,,,missing,0,,pitch,high,agree,"The per-axis pitch drive, not the main converter; service category 'Pitch errors (18)' settles it.",True,,,False,658.0
5949,True,False,penmanshiel,15,2023-03-05 16:34:07,18.68166666666667,8.044805785867648,pitch,pitch,7.5875,warning,Error brake resistor CHP,785.0,Warnings (27),235,pitch,brake_resistor_chp,converter|brake_hydraulic,documented,54,"AMBIGUOUS and high-volume (235 warnings). 'CHP' = chopper brake resistor. Code 785 sits between the pitch battery block (700-735) and the pitch lubrication pump (850), and the MM82/92 pitch drives have their own braking chopper, so assigned to `pitch`. A converter DC-link chopper reading is equally defensible. Alternatives: converter, brake_hydraulic. FLAGGED for orchestrator review.",converter,moderate,DISAGREE,"DISAGREE with the frozen `pitch`. 'CHP' = chopper. In standard drive terminology a chopper brake resistor is the DC-link braking chopper, i.e. a CONVERTER component; that is the plain reading of the words. The frozen call rests on the code-block argument (785 sits between the pitch battery block 700-735 and the pitch lubrication pump 850), which is suggestive but is an inference about numbering, not about the message. The frozen rationale itself says a converter reading is 'equally defensible' and FLAGS the entry. Covered by the brake_resistor_chp sweep slot.",False,1.0,7.5875,True,
6025,True,False,penmanshiel,15,2024-04-17 08:00:00,120.67861111111111,53.03516755730484,anemometry,anemometry|pitch|safety,19.111944444444443,stop,Safety chain open,100.0,Safety chain (13),83,safety,,,missing,0,,safety,high,agree,Names the safety chain.,False,,,False,100.0
6025,True,False,penmanshiel,15,2024-04-17 08:00:00,120.67861111111111,53.03516755730484,anemometry,anemometry|pitch|safety,19.111944444444443,stop,Overload fan pitch motor,630.0,Pitch errors (18),1,pitch,,,missing,0,,pitch,high,agree,Pitch motor cooling fan.,False,,,False,630.0
6025,True,False,penmanshiel,15,2024-04-17 08:00:00,120.67861111111111,53.03516755730484,anemometry,anemometry|pitch|safety,19.111944444444443,stop,Anemometer defect,6530.0,Sensor error (21),813,anemometry,,,missing,0,,anemometry,high,agree,Names the anemometer outright.,True,,,False,6530.0
6025,True,False,penmanshiel,15,2024-04-17 08:00:00,120.67861111111111,53.03516755730484,anemometry,anemometry|pitch|safety,19.111944444444443,warning,Error brake resistor CHP,785.0,Warnings (27),235,pitch,brake_resistor_chp,converter|brake_hydraulic,documented,54,"AMBIGUOUS and high-volume (235 warnings). 'CHP' = chopper brake resistor. Code 785 sits between the pitch battery block (700-735) and the pitch lubrication pump (850), and the MM82/92 pitch drives have their own braking chopper, so assigned to `pitch`. A converter DC-link chopper reading is equally defensible. Alternatives: converter, brake_hydraulic. FLAGGED for orchestrator review.",converter,moderate,DISAGREE,"DISAGREE with the frozen `pitch`. 'CHP' = chopper. In standard drive terminology a chopper brake resistor is the DC-link braking chopper, i.e. a CONVERTER component; that is the plain reading of the words. The frozen call rests on the code-block argument (785 sits between the pitch battery block 700-735 and the pitch lubrication pump 850), which is suggestive but is an inference about numbering, not about the message. The frozen rationale itself says a converter reading is 'equally defensible' and FLAGS the entry. Covered by the brake_resistor_chp sweep slot.",False,2.0,19.111944444444443,True,
6025,True,False,penmanshiel,15,2024-04-17 08:00:00,120.67861111111111,53.03516755730484,anemometry,anemometry|pitch|safety,19.111944444444443,warning,4-20 mA vane 2,6635.0,Sensor error (21),1908,anemometry,,,missing,0,,anemometry,high,agree,Vane signal-loop fault.,False,1.0,19.11138888888889,False,
6025,True,False,penmanshiel,15,2024-04-17 08:00:00,120.67861111111111,53.03516755730484,anemometry,anemometry|pitch|safety,19.111944444444443,warning,4-20mA anemometer 1,6515.0,Warnings (27),28,anemometry,,,thin,8,4-20 mA loop fault on the anemometer signal.,anemometry,high,agree,Anemometer signal-loop fault.,False,1.0,19.11138888888889,False,
6025,True,False,penmanshiel,15,2024-04-17 08:00:00,120.67861111111111,53.03516755730484,anemometry,anemometry|pitch|safety,19.111944444444443,warning,4-20mA anemometer 2,6525.0,Warnings (27),1908,anemometry,,,missing,0,,anemometry,high,agree,Anemometer signal-loop fault.,False,1.0,19.11138888888889,False,
6025,True,False,penmanshiel,15,2024-04-17 08:00:00,120.67861111111111,53.03516755730484,anemometry,anemometry|pitch|safety,19.111944444444443,warning,Error lubrication pump pitch,850.0,Warnings (27),47,pitch,,,missing,0,,pitch,high,agree,Names pitch.,False,1.0,19.11,False,
6025,True,False,penmanshiel,15,2024-04-17 08:00:00,120.67861111111111,53.03516755730484,anemometry,anemometry|pitch|safety,19.111944444444443,warning,Battery charge cycle axis 1 error,716.0,Warnings (27),974,pitch,,,thin,3,Pitch back-up batteries.,pitch,high,agree,Pitch back-up battery charge cycle; 'axis n' is a pitch axis.,False,1.0,19.09638888888889,False,
6025,True,False,penmanshiel,15,2024-04-17 08:00:00,120.67861111111111,53.03516755730484,anemometry,anemometry|pitch|safety,19.111944444444443,warning,Battery charge cycle axis 2 error,717.0,Warnings (27),931,pitch,,,missing,0,,pitch,high,agree,As above.,False,1.0,19.09638888888889,False,
6025,True,False,penmanshiel,15,2024-04-17 08:00:00,120.67861111111111,53.03516755730484,anemometry,anemometry|pitch|safety,19.111944444444443,warning,Battery charge cycle axis 3 error,718.0,Warnings (27),931,pitch,,,missing,0,,pitch,high,agree,As above.,False,1.0,19.09638888888889,False,
6025,True,False,penmanshiel,15,2024-04-17 08:00:00,120.67861111111111,53.03516755730484,anemometry,anemometry|pitch|safety,19.111944444444443,warning,Pitch batteries charging cycle,720.0,Warnings (27),225,pitch,,,missing,0,,pitch,high,agree,Names pitch.,False,2.0,13.9475,False,
